room_id,name,description,theme,room_photo,private
1001,Calyptorhynchus magnificus,erat,20,http://dummyimage.com/135x221.png/cc0000/ffffff,false
1002,Sciurus niger,eget massa tempor convallis nulla,72,http://dummyimage.com/133x166.bmp/ff4444/ffffff,false
1003,Zonotrichia capensis,at nulla suspendisse potenti,41,http://dummyimage.com/231x168.bmp/cc0000/ffffff,false
1004,Camelus dromedarius,id sapien in,43,http://dummyimage.com/141x244.jpg/dddddd/000000,false
1005,Naja nivea,morbi sem,54,http://dummyimage.com/136x117.png/cc0000/ffffff,false
1006,Tayassu pecari,posuere felis sed,94,http://dummyimage.com/219x220.bmp/ff4444/ffffff,true
1007,Rhea americana,fusce lacus purus aliquet at,19,http://dummyimage.com/230x200.bmp/5fa2dd/ffffff,true
1008,Kobus leche robertsi,ac nibh fusce lacus purus,39,http://dummyimage.com/104x177.png/ff4444/ffffff,false
1009,Spermophilus parryii,ante vel ipsum praesent blandit,36,http://dummyimage.com/142x212.png/ff4444/ffffff,false
1010,Ratufa indica,ante vivamus tortor duis mattis,34,http://dummyimage.com/126x132.png/ff4444/ffffff,false
1011,Zenaida galapagoensis,mauris lacinia,47,http://dummyimage.com/194x100.bmp/ff4444/ffffff,true
1012,Vulpes cinereoargenteus,tristique in tempus,65,http://dummyimage.com/195x198.jpg/cc0000/ffffff,true
1013,Ciconia episcopus,dolor vel est donec odio,7,http://dummyimage.com/127x109.bmp/5fa2dd/ffffff,false
1014,Dendrocitta vagabunda,posuere cubilia curae,71,http://dummyimage.com/169x216.png/dddddd/000000,true
1015,Macropus rufogriseus,lacus at turpis,28,http://dummyimage.com/192x185.bmp/ff4444/ffffff,false
1016,Mirounga leonina,commodo placerat praesent,10,http://dummyimage.com/189x240.jpg/cc0000/ffffff,true
1017,Mazama gouazoubira,eros,10,http://dummyimage.com/187x210.bmp/ff4444/ffffff,true
1018,Threskionis aethiopicus,diam cras pellentesque volutpat,4,http://dummyimage.com/157x162.jpg/5fa2dd/ffffff,true
1019,Tringa glareola,nibh in hac habitasse,4,http://dummyimage.com/183x206.bmp/ff4444/ffffff,false
1020,Lycosa godeffroyi,iaculis diam,54,http://dummyimage.com/116x187.bmp/cc0000/ffffff,true
1021,Vulpes vulpes,amet justo morbi ut odio,16,http://dummyimage.com/116x113.bmp/5fa2dd/ffffff,false
1022,Dicrurus adsimilis,parturient montes nascetur ridiculus,84,http://dummyimage.com/164x209.bmp/cc0000/ffffff,false
1023,Dasypus novemcinctus,eget nunc donec quis,95,http://dummyimage.com/164x185.jpg/5fa2dd/ffffff,true
1024,Canis aureus,curae nulla dapibus dolor vel,84,http://dummyimage.com/142x144.png/5fa2dd/ffffff,false
1025,Ateles paniscus,pede lobortis ligula,5,http://dummyimage.com/126x243.bmp/ff4444/ffffff,false
1026,Geochelone elegans,eget vulputate ut ultrices,15,http://dummyimage.com/123x227.png/dddddd/000000,true
1027,Hippotragus niger,consequat nulla nisl nunc nisl,99,http://dummyimage.com/248x233.png/ff4444/ffffff,true
1028,Grus rubicundus,id justo sit amet sapien,4,http://dummyimage.com/238x152.bmp/5fa2dd/ffffff,true
1029,Crax sp.,cubilia curae donec,58,http://dummyimage.com/200x182.jpg/5fa2dd/ffffff,false
1030,Phoca vitulina,quisque porta volutpat erat quisque,38,http://dummyimage.com/245x141.png/ff4444/ffffff,true
1031,Nyctereutes procyonoides,at velit eu est,1,http://dummyimage.com/124x198.jpg/5fa2dd/ffffff,true
1032,Genetta genetta,semper rutrum nulla nunc,44,http://dummyimage.com/105x149.png/ff4444/ffffff,true
1033,Paraxerus cepapi,at velit vivamus vel nulla,39,http://dummyimage.com/130x125.jpg/cc0000/ffffff,true
1034,Vanellus armatus,leo rhoncus sed,79,http://dummyimage.com/180x172.bmp/5fa2dd/ffffff,false
1035,Acrobates pygmaeus,justo maecenas rhoncus,70,http://dummyimage.com/198x163.jpg/cc0000/ffffff,false
1036,Neotoma sp.,donec pharetra magna,100,http://dummyimage.com/242x149.jpg/cc0000/ffffff,true
1037,Paradoxurus hermaphroditus,mauris,34,http://dummyimage.com/110x209.png/cc0000/ffffff,true
1038,Crotalus cerastes,justo aliquam quis turpis eget,34,http://dummyimage.com/161x221.bmp/cc0000/ffffff,false
1039,Charadrius tricollaris,nullam sit,41,http://dummyimage.com/233x100.bmp/5fa2dd/ffffff,true
1040,Phoenicopterus ruber,felis,56,http://dummyimage.com/191x136.jpg/5fa2dd/ffffff,false
1041,Macropus agilis,eu felis fusce,74,http://dummyimage.com/133x108.png/ff4444/ffffff,false
1042,Balearica pavonina,hac habitasse platea dictumst morbi,33,http://dummyimage.com/241x238.png/5fa2dd/ffffff,false
1043,Cacatua tenuirostris,id mauris vulputate,74,http://dummyimage.com/220x136.png/dddddd/000000,false
1044,Uraeginthus granatina,integer ac leo pellentesque ultrices,5,http://dummyimage.com/135x170.jpg/dddddd/000000,false
1045,Ara chloroptera,aliquam,9,http://dummyimage.com/222x149.png/dddddd/000000,false
1046,Capra ibex,quisque id,46,http://dummyimage.com/208x159.bmp/5fa2dd/ffffff,true
1047,Hymenolaimus malacorhynchus,viverra,25,http://dummyimage.com/157x161.jpg/ff4444/ffffff,true
1048,Gyps bengalensis,at,96,http://dummyimage.com/105x154.png/cc0000/ffffff,false
1049,Iguana iguana,et magnis,99,http://dummyimage.com/192x146.jpg/5fa2dd/ffffff,true
1050,Macaca nemestrina,sed,13,http://dummyimage.com/103x187.bmp/5fa2dd/ffffff,true
1051,Spheniscus mendiculus,sapien urna pretium,79,http://dummyimage.com/222x213.png/ff4444/ffffff,false
1052,Aegypius tracheliotus,cum sociis natoque penatibus,68,http://dummyimage.com/225x211.jpg/5fa2dd/ffffff,false
1053,Dicrostonyx groenlandicus,pede malesuada in imperdiet,81,http://dummyimage.com/152x189.bmp/5fa2dd/ffffff,true
1054,Papio cynocephalus,justo sollicitudin,57,http://dummyimage.com/147x194.png/cc0000/ffffff,false
1055,Dusicyon thous,vulputate luctus,86,http://dummyimage.com/109x184.jpg/ff4444/ffffff,true
1056,Haliaetus leucogaster,erat vestibulum sed,31,http://dummyimage.com/136x174.png/cc0000/ffffff,false
1057,Macaca radiata,vitae nisl aenean lectus pellentesque,29,http://dummyimage.com/166x165.bmp/cc0000/ffffff,true
1058,Tayassu pecari,metus aenean,67,http://dummyimage.com/236x156.bmp/5fa2dd/ffffff,false
1059,Larus novaehollandiae,sit amet nunc,38,http://dummyimage.com/159x242.bmp/5fa2dd/ffffff,false
1060,Vombatus ursinus,augue,66,http://dummyimage.com/222x132.jpg/ff4444/ffffff,false
1061,Ursus maritimus,vestibulum ante ipsum,11,http://dummyimage.com/180x197.bmp/cc0000/ffffff,true
1062,Equus hemionus,orci,10,http://dummyimage.com/226x189.png/dddddd/000000,false
1063,Alligator mississippiensis,ac diam cras pellentesque volutpat,92,http://dummyimage.com/111x194.jpg/ff4444/ffffff,true
1064,Centrocercus urophasianus,aliquet at feugiat non,21,http://dummyimage.com/160x230.jpg/ff4444/ffffff,false
1065,Felis concolor,lacus,85,http://dummyimage.com/218x199.bmp/cc0000/ffffff,true
1066,Creagrus furcatus,dignissim vestibulum vestibulum ante ipsum,75,http://dummyimage.com/174x223.png/ff4444/ffffff,false
1067,Plectopterus gambensis,vehicula consequat morbi a ipsum,7,http://dummyimage.com/142x172.bmp/ff4444/ffffff,true
1068,Ciconia ciconia,ut,26,http://dummyimage.com/170x201.png/5fa2dd/ffffff,true
1069,Marmota caligata,quam nec dui luctus rutrum,33,http://dummyimage.com/200x230.bmp/5fa2dd/ffffff,false
1070,Rhea americana,eros suspendisse,12,http://dummyimage.com/235x206.jpg/5fa2dd/ffffff,false
1071,Gyps fulvus,mauris morbi non lectus,25,http://dummyimage.com/132x192.jpg/5fa2dd/ffffff,true
1072,Gopherus agassizii,quam sollicitudin vitae consectetuer,14,http://dummyimage.com/247x219.bmp/5fa2dd/ffffff,true
1073,Colobus guerza,quisque,85,http://dummyimage.com/215x232.png/5fa2dd/ffffff,true
1074,Picoides pubescens,sit amet sem,59,http://dummyimage.com/131x154.bmp/dddddd/000000,false
1075,Phalaropus fulicarius,vel augue,16,http://dummyimage.com/173x110.png/5fa2dd/ffffff,false
1076,Junonia genoveua,ut at dolor,28,http://dummyimage.com/184x116.bmp/dddddd/000000,false
1077,Dasypus novemcinctus,accumsan odio curabitur convallis duis,16,http://dummyimage.com/235x187.png/cc0000/ffffff,false
1078,Irania gutteralis,leo pellentesque,77,http://dummyimage.com/101x221.jpg/ff4444/ffffff,true
1079,Varanus salvator,proin interdum mauris non ligula,91,http://dummyimage.com/200x175.jpg/5fa2dd/ffffff,true
1080,unavailable,pede justo,22,http://dummyimage.com/236x104.bmp/ff4444/ffffff,true
1081,Taurotagus oryx,a,1,http://dummyimage.com/215x124.bmp/dddddd/000000,true
1082,Varanus salvator,luctus cum,86,http://dummyimage.com/191x128.bmp/ff4444/ffffff,false
1083,Phoca vitulina,a,8,http://dummyimage.com/113x185.png/ff4444/ffffff,true
1084,Phoenicopterus ruber,quis tortor id,64,http://dummyimage.com/166x232.bmp/ff4444/ffffff,false
1085,Thamnolaea cinnmomeiventris,eget,56,http://dummyimage.com/108x127.jpg/cc0000/ffffff,false
1086,Ictonyx striatus,morbi ut odio,40,http://dummyimage.com/186x129.png/dddddd/000000,false
1087,Trachyphonus vaillantii,sapien ut nunc vestibulum ante,21,http://dummyimage.com/223x100.bmp/ff4444/ffffff,false
1088,unavailable,ipsum,86,http://dummyimage.com/211x210.bmp/ff4444/ffffff,true
1089,Cordylus giganteus,in,20,http://dummyimage.com/240x173.png/5fa2dd/ffffff,true
1090,Paraxerus cepapi,semper interdum,69,http://dummyimage.com/237x112.png/dddddd/000000,true
1091,Melophus lathami,pede justo lacinia eget,60,http://dummyimage.com/114x138.bmp/ff4444/ffffff,true
1092,Dusicyon thous,in hac habitasse platea,35,http://dummyimage.com/225x104.png/cc0000/ffffff,false
1093,Tamandua tetradactyla,imperdiet et commodo vulputate,79,http://dummyimage.com/157x148.bmp/dddddd/000000,true
1094,Coluber constrictor,nulla nisl nunc nisl,60,http://dummyimage.com/167x114.jpg/cc0000/ffffff,false
1095,unavailable,lobortis est phasellus sit,30,http://dummyimage.com/234x109.jpg/ff4444/ffffff,false
1096,Choloepus hoffmani,nibh,83,http://dummyimage.com/160x138.png/5fa2dd/ffffff,false
1097,unavailable,cursus vestibulum,43,http://dummyimage.com/192x228.bmp/dddddd/000000,false
1098,Cacatua tenuirostris,parturient,7,http://dummyimage.com/237x168.bmp/5fa2dd/ffffff,false
1099,Fratercula corniculata,vehicula,44,http://dummyimage.com/151x242.jpg/cc0000/ffffff,false
1100,Francolinus leucoscepus,aenean fermentum donec ut mauris,88,http://dummyimage.com/129x212.bmp/5fa2dd/ffffff,true
1101,Zosterops pallidus,aenean auctor,30,http://dummyimage.com/220x206.png/5fa2dd/ffffff,false
1102,Ceryle rudis,molestie lorem quisque ut erat,44,http://dummyimage.com/127x245.jpg/dddddd/000000,false
1103,Centrocercus urophasianus,ac,10,http://dummyimage.com/179x217.jpg/ff4444/ffffff,false
1104,Ara ararauna,massa,18,http://dummyimage.com/196x178.png/cc0000/ffffff,true
1105,Crocodylus niloticus,turpis integer aliquet massa,51,http://dummyimage.com/241x117.bmp/dddddd/000000,true
1106,Sauromalus obesus,sem fusce consequat,83,http://dummyimage.com/199x203.bmp/5fa2dd/ffffff,false
1107,Ardea golieth,vestibulum,13,http://dummyimage.com/212x198.png/dddddd/000000,true
1108,Lemur catta,congue risus semper porta volutpat,80,http://dummyimage.com/147x142.png/cc0000/ffffff,true
1109,Equus burchelli,magnis dis parturient montes nascetur,56,http://dummyimage.com/199x197.png/ff4444/ffffff,false
1110,Sula dactylatra,pretium iaculis justo in hac,30,http://dummyimage.com/169x192.jpg/ff4444/ffffff,true
1111,Philetairus socius,diam erat fermentum justo,69,http://dummyimage.com/211x197.png/cc0000/ffffff,true
1112,Callorhinus ursinus,diam vitae quam suspendisse potenti,45,http://dummyimage.com/234x182.bmp/ff4444/ffffff,true
1113,Phascogale calura,sollicitudin vitae consectetuer eget,57,http://dummyimage.com/192x216.bmp/5fa2dd/ffffff,true
1114,Toxostoma curvirostre,aliquam sit amet diam,54,http://dummyimage.com/194x136.bmp/cc0000/ffffff,false
1115,Gyps bengalensis,nam tristique tortor eu,39,http://dummyimage.com/227x152.bmp/5fa2dd/ffffff,false
1116,Canis mesomelas,eu nibh,40,http://dummyimage.com/204x158.png/5fa2dd/ffffff,true
1117,Sarcophilus harrisii,curabitur gravida,1,http://dummyimage.com/168x228.bmp/5fa2dd/ffffff,false
1118,Spermophilus lateralis,venenatis,48,http://dummyimage.com/160x165.png/ff4444/ffffff,true
1119,Neophoca cinerea,tristique est et,16,http://dummyimage.com/101x143.jpg/ff4444/ffffff,true
1120,Lamprotornis superbus,ipsum dolor sit,63,http://dummyimage.com/163x240.bmp/cc0000/ffffff,true
1121,Varanus sp.,a feugiat et eros vestibulum,15,http://dummyimage.com/177x125.jpg/cc0000/ffffff,true
1122,Taxidea taxus,odio,88,http://dummyimage.com/136x174.bmp/5fa2dd/ffffff,true
1123,Felis silvestris lybica,cum sociis natoque penatibus,65,http://dummyimage.com/108x147.jpg/cc0000/ffffff,true
1124,Gorilla gorilla,dolor sit amet consectetuer adipiscing,23,http://dummyimage.com/193x107.jpg/ff4444/ffffff,false
1125,Heloderma horridum,ac,33,http://dummyimage.com/209x214.png/dddddd/000000,false
1126,Cervus canadensis,pede lobortis,99,http://dummyimage.com/195x164.bmp/ff4444/ffffff,false
1127,Ctenophorus ornatus,morbi,99,http://dummyimage.com/245x215.jpg/cc0000/ffffff,true
1128,Dromaeus novaehollandiae,sed augue,2,http://dummyimage.com/141x209.bmp/cc0000/ffffff,false
1129,Upupa epops,ipsum ac tellus,100,http://dummyimage.com/222x130.jpg/cc0000/ffffff,true
1130,Spermophilus lateralis,integer tincidunt,15,http://dummyimage.com/185x234.bmp/dddddd/000000,true
1131,Fratercula corniculata,faucibus orci,1,http://dummyimage.com/105x198.bmp/dddddd/000000,true
1132,Myrmecophaga tridactyla,nisi,87,http://dummyimage.com/225x166.png/ff4444/ffffff,true
1133,Libellula quadrimaculata,suscipit ligula,52,http://dummyimage.com/132x126.png/cc0000/ffffff,true
1134,Hymenolaimus malacorhynchus,curae nulla dapibus dolor,1,http://dummyimage.com/184x248.bmp/dddddd/000000,false
1135,Neotis denhami,eu interdum eu tincidunt in,65,http://dummyimage.com/219x226.bmp/ff4444/ffffff,true
1136,Hystrix cristata,dapibus dolor vel,31,http://dummyimage.com/139x125.png/5fa2dd/ffffff,false
1137,Branta canadensis,odio donec,3,http://dummyimage.com/202x178.jpg/dddddd/000000,false
1138,Sylvicapra grimma,ut nulla sed accumsan,6,http://dummyimage.com/187x148.png/5fa2dd/ffffff,false
1139,Corvus brachyrhynchos,etiam,26,http://dummyimage.com/128x157.bmp/dddddd/000000,true
1140,Axis axis,quam sollicitudin vitae consectetuer,3,http://dummyimage.com/215x149.bmp/cc0000/ffffff,true
1141,Ninox superciliaris,mauris sit amet eros suspendisse,66,http://dummyimage.com/104x236.png/cc0000/ffffff,false
1142,Vulpes chama,sit amet cursus id,65,http://dummyimage.com/226x214.jpg/cc0000/ffffff,false
1143,Cervus duvauceli,odio consequat varius integer,10,http://dummyimage.com/172x151.png/5fa2dd/ffffff,true
1144,Eubalaena australis,cursus,62,http://dummyimage.com/203x233.jpg/ff4444/ffffff,true
1145,Bos taurus,fermentum,67,http://dummyimage.com/189x136.png/ff4444/ffffff,false
1146,Bettongia penicillata,sodales sed,26,http://dummyimage.com/117x156.bmp/5fa2dd/ffffff,true
1147,Cordylus giganteus,hac habitasse platea dictumst,85,http://dummyimage.com/135x123.png/cc0000/ffffff,true
1148,Crotalus adamanteus,pede libero quis orci nullam,38,http://dummyimage.com/243x234.png/cc0000/ffffff,false
1149,Numida meleagris,quis turpis sed,47,http://dummyimage.com/172x102.bmp/dddddd/000000,true
1150,Speothos vanaticus,aliquam augue quam sollicitudin,88,http://dummyimage.com/179x249.jpg/dddddd/000000,true
1151,Sciurus vulgaris,augue luctus,2,http://dummyimage.com/238x157.jpg/dddddd/000000,true
1152,Alopex lagopus,vulputate ut ultrices vel,35,http://dummyimage.com/194x100.bmp/cc0000/ffffff,true
1153,Bos frontalis,mi in porttitor,97,http://dummyimage.com/118x101.jpg/cc0000/ffffff,false
1154,Nasua nasua,quam turpis adipiscing lorem,74,http://dummyimage.com/152x145.jpg/ff4444/ffffff,false
1155,Graspus graspus,elit proin risus,70,http://dummyimage.com/129x215.jpg/cc0000/ffffff,false
1156,Eutamias minimus,sit amet,4,http://dummyimage.com/243x126.png/dddddd/000000,true
1157,Agelaius phoeniceus,vitae quam suspendisse potenti,95,http://dummyimage.com/143x145.bmp/ff4444/ffffff,false
1158,Nasua nasua,et,71,http://dummyimage.com/224x232.bmp/5fa2dd/ffffff,true
1159,Melanerpes erythrocephalus,cum sociis natoque,9,http://dummyimage.com/201x244.bmp/dddddd/000000,false
1160,Streptopelia senegalensis,velit vivamus,99,http://dummyimage.com/127x137.bmp/5fa2dd/ffffff,false
1161,Ploceus rubiginosus,volutpat quam pede lobortis ligula,58,http://dummyimage.com/214x191.bmp/5fa2dd/ffffff,true
1162,Drymarchon corias couperi,at velit eu est,80,http://dummyimage.com/123x135.png/cc0000/ffffff,true
1163,Bison bison,mauris laoreet ut rhoncus,87,http://dummyimage.com/196x150.png/ff4444/ffffff,false
1164,Ursus maritimus,ante nulla justo,1,http://dummyimage.com/200x207.jpg/ff4444/ffffff,true
1165,Nucifraga columbiana,ante vestibulum ante,8,http://dummyimage.com/133x109.png/ff4444/ffffff,false
1166,Xerus sp.,tristique in tempus sit,50,http://dummyimage.com/230x230.jpg/ff4444/ffffff,true
1167,Ctenophorus ornatus,in quis,49,http://dummyimage.com/181x144.png/cc0000/ffffff,true
1168,Anhinga rufa,dui proin leo odio,15,http://dummyimage.com/218x103.bmp/dddddd/000000,true
1169,Phalaropus fulicarius,elit sodales scelerisque,46,http://dummyimage.com/166x113.bmp/cc0000/ffffff,false
1170,Ovis ammon,nullam porttitor,17,http://dummyimage.com/132x114.bmp/ff4444/ffffff,false
1171,Buteo regalis,eros elementum pellentesque quisque,100,http://dummyimage.com/218x227.png/5fa2dd/ffffff,true
1172,Tadorna tadorna,cras mi,9,http://dummyimage.com/240x250.png/ff4444/ffffff,false
1173,Plegadis ridgwayi,duis bibendum felis sed interdum,25,http://dummyimage.com/237x215.png/cc0000/ffffff,false
1174,Lepilemur rufescens,ut at dolor,29,http://dummyimage.com/118x185.jpg/ff4444/ffffff,true
1175,Notechis semmiannulatus,sapien non mi integer,15,http://dummyimage.com/120x216.bmp/ff4444/ffffff,false
1176,Diceros bicornis,luctus nec molestie,17,http://dummyimage.com/142x225.png/cc0000/ffffff,true
1177,Antechinus flavipes,consequat nulla nisl,99,http://dummyimage.com/163x108.jpg/cc0000/ffffff,true
1178,Parus atricapillus,mi sit amet,50,http://dummyimage.com/101x227.jpg/ff4444/ffffff,false
1179,Phoenicopterus ruber,habitasse platea dictumst aliquam augue,28,http://dummyimage.com/188x242.jpg/5fa2dd/ffffff,false
1180,Stercorarius longicausus,ac lobortis vel,57,http://dummyimage.com/227x209.png/5fa2dd/ffffff,false
1181,Felis concolor,faucibus orci,2,http://dummyimage.com/165x236.jpg/ff4444/ffffff,false
1182,Mirounga angustirostris,elementum eu interdum eu tincidunt,8,http://dummyimage.com/183x178.bmp/ff4444/ffffff,true
1183,Ceryle rudis,duis aliquam convallis nunc,11,http://dummyimage.com/206x194.png/ff4444/ffffff,false
1184,Ovibos moschatus,mus etiam vel augue vestibulum,6,http://dummyimage.com/134x219.bmp/cc0000/ffffff,false
1185,Damaliscus lunatus,lorem ipsum dolor sit amet,68,http://dummyimage.com/215x168.bmp/ff4444/ffffff,false
1186,Mazama americana,vel ipsum praesent,10,http://dummyimage.com/226x224.jpg/cc0000/ffffff,false
1187,Ciconia episcopus,sapien in sapien,11,http://dummyimage.com/160x209.png/dddddd/000000,false
1188,Cacatua tenuirostris,eget tempus vel,82,http://dummyimage.com/230x157.bmp/5fa2dd/ffffff,false
1189,Ceratotherium simum,at velit vivamus,34,http://dummyimage.com/166x179.bmp/ff4444/ffffff,true
1190,Gabianus pacificus,donec ut dolor morbi,74,http://dummyimage.com/165x220.bmp/5fa2dd/ffffff,true
1191,Vulpes vulpes,sapien,47,http://dummyimage.com/144x121.bmp/cc0000/ffffff,false
1192,Conolophus subcristatus,molestie,20,http://dummyimage.com/190x174.png/ff4444/ffffff,true
1193,Lutra canadensis,dui,46,http://dummyimage.com/112x182.png/5fa2dd/ffffff,false
1194,Ovis musimon,nam dui proin,18,http://dummyimage.com/145x172.jpg/dddddd/000000,false
1195,Tiliqua scincoides,odio cras mi pede,1,http://dummyimage.com/188x152.bmp/5fa2dd/ffffff,false
1196,Milvago chimachima,integer aliquet massa id,40,http://dummyimage.com/232x180.png/dddddd/000000,true
1197,Trichoglossus chlorolepidotus,quisque id justo,88,http://dummyimage.com/110x126.png/5fa2dd/ffffff,false
1198,Procyon lotor,leo pellentesque ultrices mattis odio,90,http://dummyimage.com/197x215.bmp/cc0000/ffffff,true
1199,Paradoxurus hermaphroditus,luctus et ultrices posuere,52,http://dummyimage.com/231x216.png/5fa2dd/ffffff,true
1200,Macropus agilis,augue,38,http://dummyimage.com/110x109.bmp/dddddd/000000,false
1201,Macropus eugenii,massa donec dapibus duis at,64,http://dummyimage.com/233x195.png/ff4444/ffffff,true
1202,Carduelis uropygialis,convallis duis consequat dui,16,http://dummyimage.com/184x235.bmp/dddddd/000000,true
1203,Anathana ellioti,diam cras,96,http://dummyimage.com/212x219.bmp/dddddd/000000,false
1204,Boa constrictor mexicana,suscipit nulla elit,46,http://dummyimage.com/101x184.png/ff4444/ffffff,true
1205,Francolinus coqui,lacus morbi sem mauris laoreet,5,http://dummyimage.com/101x153.png/cc0000/ffffff,false
1206,Grus canadensis,in purus,20,http://dummyimage.com/191x238.bmp/dddddd/000000,false
1207,Phoenicopterus chilensis,augue,20,http://dummyimage.com/122x177.bmp/cc0000/ffffff,false
1208,Coracias caudata,viverra dapibus nulla,25,http://dummyimage.com/217x114.bmp/ff4444/ffffff,false
1209,Litrocranius walleri,mi sit amet lobortis sapien,50,http://dummyimage.com/227x230.jpg/dddddd/000000,true
1210,Cyrtodactylus louisiadensis,pellentesque,43,http://dummyimage.com/145x137.bmp/cc0000/ffffff,false
1211,Milvago chimachima,sit amet sapien dignissim,36,http://dummyimage.com/233x117.bmp/5fa2dd/ffffff,true
1212,Didelphis virginiana,mauris viverra diam vitae,74,http://dummyimage.com/101x120.png/5fa2dd/ffffff,true
1213,Anthropoides paradisea,fringilla,30,http://dummyimage.com/224x201.jpg/5fa2dd/ffffff,false
1214,Lamprotornis chalybaeus,bibendum morbi non quam nec,9,http://dummyimage.com/209x219.png/5fa2dd/ffffff,true
1215,Cebus apella,id,80,http://dummyimage.com/113x138.jpg/5fa2dd/ffffff,true
1216,Corvus albicollis,diam erat fermentum justo nec,55,http://dummyimage.com/167x112.png/ff4444/ffffff,true
1217,Equus hemionus,vel est,88,http://dummyimage.com/212x211.bmp/5fa2dd/ffffff,false
1218,Canis aureus,pellentesque,90,http://dummyimage.com/190x128.jpg/cc0000/ffffff,true
1219,Lorythaixoides concolor,amet erat,86,http://dummyimage.com/161x173.jpg/cc0000/ffffff,true
1220,Colobus guerza,maecenas rhoncus aliquam,21,http://dummyimage.com/166x245.jpg/5fa2dd/ffffff,true
1221,Agelaius phoeniceus,vestibulum quam sapien varius ut,95,http://dummyimage.com/222x116.bmp/5fa2dd/ffffff,true
1222,Rhea americana,praesent blandit,9,http://dummyimage.com/197x191.bmp/5fa2dd/ffffff,true
1223,Ninox superciliaris,in quam fringilla rhoncus mauris,63,http://dummyimage.com/236x227.png/cc0000/ffffff,false
1224,Pytilia melba,rhoncus,38,http://dummyimage.com/162x225.jpg/dddddd/000000,true
1225,Suricata suricatta,curabitur at,90,http://dummyimage.com/155x105.jpg/ff4444/ffffff,false
1226,Prionace glauca,eros viverra,67,http://dummyimage.com/114x132.png/cc0000/ffffff,true
1227,Grus rubicundus,vivamus,40,http://dummyimage.com/227x170.png/5fa2dd/ffffff,true
1228,Perameles nasuta,posuere metus vitae ipsum,1,http://dummyimage.com/178x151.jpg/5fa2dd/ffffff,true
1229,Ursus americanus,viverra,7,http://dummyimage.com/230x105.bmp/dddddd/000000,false
1230,Otaria flavescens,aliquet,47,http://dummyimage.com/142x195.png/cc0000/ffffff,false
1231,Ictalurus furcatus,morbi sem mauris,62,http://dummyimage.com/164x116.bmp/ff4444/ffffff,false
1232,Trachyphonus vaillantii,sit amet,4,http://dummyimage.com/104x170.png/ff4444/ffffff,true
1233,Lepus arcticus,sed tristique,31,http://dummyimage.com/176x116.png/dddddd/000000,false
1234,Canis lupus,sit amet,20,http://dummyimage.com/181x242.bmp/dddddd/000000,true
1235,Mellivora capensis,in sagittis dui vel nisl,7,http://dummyimage.com/137x219.png/ff4444/ffffff,true
1236,Crocodylus niloticus,in hac habitasse platea,82,http://dummyimage.com/219x232.bmp/cc0000/ffffff,true
1237,Podargus strigoides,orci,78,http://dummyimage.com/136x239.bmp/dddddd/000000,false
1238,Haliaetus leucogaster,turpis eget elit sodales,37,http://dummyimage.com/147x141.jpg/5fa2dd/ffffff,false
1239,Francolinus coqui,pretium iaculis diam,80,http://dummyimage.com/130x119.bmp/dddddd/000000,true
1240,Anser anser,tincidunt in,72,http://dummyimage.com/218x153.bmp/cc0000/ffffff,true
1241,Sula dactylatra,curabitur gravida nisi at nibh,80,http://dummyimage.com/203x123.png/cc0000/ffffff,false
1242,Canis mesomelas,aliquet maecenas leo,21,http://dummyimage.com/102x146.bmp/cc0000/ffffff,false
1243,Smithopsis crassicaudata,ac consequat metus sapien ut,56,http://dummyimage.com/110x127.png/5fa2dd/ffffff,false
1244,Amblyrhynchus cristatus,quisque erat,40,http://dummyimage.com/185x229.bmp/5fa2dd/ffffff,false
1245,Felis concolor,et magnis dis parturient,32,http://dummyimage.com/126x143.png/5fa2dd/ffffff,true
1246,Neotis denhami,sem sed sagittis nam congue,80,http://dummyimage.com/237x160.jpg/dddddd/000000,false
1247,Cervus elaphus,semper porta volutpat,7,http://dummyimage.com/213x163.png/cc0000/ffffff,false
1248,Buteo galapagoensis,lacus morbi quis tortor,67,http://dummyimage.com/234x107.png/ff4444/ffffff,false
1249,Sciurus vulgaris,nulla eget eros elementum pellentesque,35,http://dummyimage.com/127x116.jpg/5fa2dd/ffffff,true
1250,Lasiorhinus latifrons,massa volutpat convallis,17,http://dummyimage.com/100x145.bmp/ff4444/ffffff,true
1251,Ratufa indica,vel,46,http://dummyimage.com/158x105.bmp/5fa2dd/ffffff,false
1252,unavailable,eget massa,42,http://dummyimage.com/199x238.jpg/dddddd/000000,false
1253,Eremophila alpestris,nec condimentum neque sapien placerat,29,http://dummyimage.com/180x150.png/5fa2dd/ffffff,true
1254,Francolinus leucoscepus,tempor turpis,73,http://dummyimage.com/173x209.jpg/ff4444/ffffff,false
1255,Chelodina longicollis,lorem vitae mattis,88,http://dummyimage.com/250x243.png/ff4444/ffffff,true
1256,Cacatua galerita,urna pretium nisl ut volutpat,54,http://dummyimage.com/241x239.bmp/ff4444/ffffff,false
1257,Lamprotornis superbus,a nibh,71,http://dummyimage.com/169x136.bmp/cc0000/ffffff,false
1258,Sula nebouxii,nunc purus phasellus,87,http://dummyimage.com/182x211.jpg/cc0000/ffffff,true
1259,Microcavia australis,ligula in,40,http://dummyimage.com/118x165.bmp/cc0000/ffffff,false
1260,Certotrichas paena,amet,18,http://dummyimage.com/197x175.jpg/ff4444/ffffff,true
1261,Didelphis virginiana,pharetra magna ac consequat metus,57,http://dummyimage.com/189x105.jpg/ff4444/ffffff,true
1262,Alopex lagopus,pellentesque ultrices mattis odio,29,http://dummyimage.com/117x112.jpg/dddddd/000000,false
1263,Lasiodora parahybana,quis tortor,57,http://dummyimage.com/100x149.png/5fa2dd/ffffff,true
1264,Felis concolor,ipsum,29,http://dummyimage.com/142x181.bmp/ff4444/ffffff,false
1265,Vicugna vicugna,adipiscing elit proin,89,http://dummyimage.com/158x217.bmp/ff4444/ffffff,true
1266,Dasypus novemcinctus,enim sit amet nunc,33,http://dummyimage.com/191x239.jpg/5fa2dd/ffffff,false
1267,unavailable,nisi at,37,http://dummyimage.com/180x203.jpg/5fa2dd/ffffff,false
1268,Tayassu pecari,justo etiam pretium iaculis justo,63,http://dummyimage.com/208x169.bmp/5fa2dd/ffffff,true
1269,Tyto novaehollandiae,pellentesque ultrices,85,http://dummyimage.com/163x116.png/cc0000/ffffff,true
1270,Vicugna vicugna,volutpat convallis morbi odio odio,4,http://dummyimage.com/101x101.png/cc0000/ffffff,true
1271,Dusicyon thous,fusce,82,http://dummyimage.com/115x164.png/dddddd/000000,false
1272,Myrmecophaga tridactyla,blandit non interdum in ante,31,http://dummyimage.com/153x139.png/5fa2dd/ffffff,false
1273,Lama glama,sem mauris laoreet,19,http://dummyimage.com/170x213.png/cc0000/ffffff,true
1274,Dipodomys deserti,sem duis aliquam,76,http://dummyimage.com/244x180.png/ff4444/ffffff,true
1275,Canis mesomelas,felis,98,http://dummyimage.com/179x141.png/ff4444/ffffff,true
1276,Hippotragus equinus,mauris laoreet ut rhoncus aliquet,27,http://dummyimage.com/150x125.jpg/dddddd/000000,false
1277,Bubalus arnee,pretium,9,http://dummyimage.com/192x239.png/cc0000/ffffff,true
1278,Phacochoerus aethiopus,natoque,28,http://dummyimage.com/161x244.bmp/cc0000/ffffff,false
1279,Casmerodius albus,praesent lectus vestibulum,9,http://dummyimage.com/248x155.bmp/dddddd/000000,true
1280,Pelecanus occidentalis,ipsum integer a,15,http://dummyimage.com/223x160.jpg/5fa2dd/ffffff,false
1281,Chelodina longicollis,lobortis est,24,http://dummyimage.com/102x238.png/5fa2dd/ffffff,false
1282,Ephipplorhynchus senegalensis,et magnis dis parturient montes,83,http://dummyimage.com/247x107.png/5fa2dd/ffffff,true
1283,Nannopterum harrisi,mauris eget,71,http://dummyimage.com/192x112.jpg/dddddd/000000,true
1284,Chauna torquata,turpis integer aliquet,81,http://dummyimage.com/215x172.jpg/dddddd/000000,true
1285,Lasiodora parahybana,quis turpis eget elit sodales,25,http://dummyimage.com/236x138.jpg/ff4444/ffffff,true
1286,Fregata magnificans,sit amet consectetuer adipiscing,22,http://dummyimage.com/144x144.bmp/cc0000/ffffff,true
1287,Manouria emys,duis aliquam convallis nunc proin,87,http://dummyimage.com/246x224.jpg/dddddd/000000,true
1288,Diomedea irrorata,vitae ipsum aliquam,79,http://dummyimage.com/157x165.png/5fa2dd/ffffff,false
1289,Macropus robustus,massa donec dapibus duis at,47,http://dummyimage.com/188x202.bmp/5fa2dd/ffffff,true
1290,Hippopotamus amphibius,sit,19,http://dummyimage.com/120x168.png/dddddd/000000,false
1291,Helogale undulata,lacus morbi,2,http://dummyimage.com/115x187.bmp/5fa2dd/ffffff,true
1292,Fulica cristata,in tempus sit,54,http://dummyimage.com/127x220.bmp/cc0000/ffffff,false
1293,Gymnorhina tibicen,augue vel accumsan tellus,97,http://dummyimage.com/219x149.bmp/ff4444/ffffff,false
1294,Gyps bengalensis,in,62,http://dummyimage.com/214x184.png/ff4444/ffffff,true
1295,Hippotragus niger,mauris lacinia sapien quis,24,http://dummyimage.com/240x234.bmp/cc0000/ffffff,true
1296,Sula dactylatra,aliquam non mauris morbi,70,http://dummyimage.com/104x190.png/dddddd/000000,true
1297,Spermophilus armatus,et tempus,81,http://dummyimage.com/180x249.png/ff4444/ffffff,true
1298,Vanellus chilensis,sem duis aliquam,36,http://dummyimage.com/110x249.jpg/dddddd/000000,true
1299,Spermophilus tridecemlineatus,lectus suspendisse potenti in eleifend,24,http://dummyimage.com/219x233.bmp/dddddd/000000,true
1300,Amphibolurus barbatus,posuere metus vitae ipsum aliquam,29,http://dummyimage.com/232x219.jpg/5fa2dd/ffffff,false
1301,Thalasseus maximus,dignissim vestibulum vestibulum ante,43,http://dummyimage.com/105x239.png/ff4444/ffffff,true
1302,Erethizon dorsatum,pretium quis lectus suspendisse potenti,76,http://dummyimage.com/131x100.jpg/ff4444/ffffff,true
1303,Ramphastos tucanus,platea dictumst etiam,85,http://dummyimage.com/190x244.png/dddddd/000000,false
1304,Papio ursinus,interdum in ante vestibulum,15,http://dummyimage.com/156x198.jpg/dddddd/000000,false
1305,Anas platyrhynchos,tincidunt nulla,65,http://dummyimage.com/248x229.jpg/dddddd/000000,true
1306,Macaca nemestrina,ac,66,http://dummyimage.com/176x246.bmp/ff4444/ffffff,false
1307,Zonotrichia capensis,suscipit nulla elit ac nulla,72,http://dummyimage.com/126x206.jpg/cc0000/ffffff,true
1308,Toxostoma curvirostre,magna vulputate luctus cum,5,http://dummyimage.com/112x121.bmp/cc0000/ffffff,false
1309,Chamaelo sp.,volutpat dui maecenas tristique,48,http://dummyimage.com/209x118.jpg/ff4444/ffffff,false
1310,Lamprotornis nitens,quisque id justo sit amet,33,http://dummyimage.com/192x219.bmp/dddddd/000000,true
1311,Felis silvestris lybica,nunc viverra dapibus nulla,49,http://dummyimage.com/172x166.bmp/dddddd/000000,true
1312,Coluber constrictor,duis,25,http://dummyimage.com/156x227.bmp/dddddd/000000,false
1313,Ceratotherium simum,integer aliquet massa id,45,http://dummyimage.com/179x136.png/ff4444/ffffff,false
1314,Felis concolor,cursus urna ut,10,http://dummyimage.com/170x233.bmp/cc0000/ffffff,true
1315,Centrocercus urophasianus,felis,60,http://dummyimage.com/124x125.jpg/dddddd/000000,true
1316,Lamprotornis nitens,elit proin interdum mauris non,25,http://dummyimage.com/101x191.jpg/dddddd/000000,true
1317,Phoenicopterus chilensis,semper interdum mauris ullamcorper purus,87,http://dummyimage.com/235x139.bmp/cc0000/ffffff,false
1318,Plegadis ridgwayi,semper porta volutpat,75,http://dummyimage.com/208x146.png/ff4444/ffffff,false
1319,Streptopelia senegalensis,eros vestibulum,77,http://dummyimage.com/250x244.jpg/ff4444/ffffff,true
1320,Lama pacos,sodales,6,http://dummyimage.com/215x202.bmp/ff4444/ffffff,true
1321,Macaca fuscata,ultrices posuere cubilia curae duis,45,http://dummyimage.com/200x196.bmp/ff4444/ffffff,false
1322,Bison bison,rhoncus dui vel sem,55,http://dummyimage.com/139x106.png/dddddd/000000,false
1323,Chlamydosaurus kingii,nunc vestibulum ante ipsum primis,40,http://dummyimage.com/160x223.jpg/dddddd/000000,false
1324,Columba livia,pellentesque eget,2,http://dummyimage.com/160x136.png/dddddd/000000,true
1325,Tamiasciurus hudsonicus,eget congue eget,32,http://dummyimage.com/205x144.jpg/5fa2dd/ffffff,true
1326,Uraeginthus bengalus,duis ac nibh,62,http://dummyimage.com/166x173.png/5fa2dd/ffffff,true
1327,Acrobates pygmaeus,ultrices libero non,50,http://dummyimage.com/196x221.png/dddddd/000000,true
1328,Anhinga rufa,duis aliquam convallis,56,http://dummyimage.com/136x159.png/5fa2dd/ffffff,true
1329,Stercorarius longicausus,dui vel sem sed,58,http://dummyimage.com/156x241.jpg/cc0000/ffffff,true
1330,Pelecans onocratalus,non mauris morbi,45,http://dummyimage.com/244x152.png/ff4444/ffffff,true
1331,Chauna torquata,justo pellentesque viverra pede ac,98,http://dummyimage.com/190x135.jpg/ff4444/ffffff,false
1332,Cochlearius cochlearius,in lectus pellentesque at,32,http://dummyimage.com/184x198.png/cc0000/ffffff,false
1333,Ciconia episcopus,molestie lorem quisque ut,54,http://dummyimage.com/128x221.png/cc0000/ffffff,false
1334,Dasypus novemcinctus,ultrices vel augue vestibulum,29,http://dummyimage.com/129x124.jpg/cc0000/ffffff,true
1335,Nasua nasua,vivamus,77,http://dummyimage.com/196x142.jpg/5fa2dd/ffffff,true
1336,Lepilemur rufescens,sit amet turpis elementum ligula,37,http://dummyimage.com/205x245.bmp/dddddd/000000,true
1337,Galictis vittata,sodales sed tincidunt eu,43,http://dummyimage.com/116x134.bmp/5fa2dd/ffffff,false
1338,Gyps fulvus,curae,45,http://dummyimage.com/101x128.bmp/cc0000/ffffff,false
1339,Chelodina longicollis,ac enim in tempor turpis,73,http://dummyimage.com/178x238.png/cc0000/ffffff,false
1340,Anastomus oscitans,porta volutpat quam pede lobortis,73,http://dummyimage.com/219x117.jpg/5fa2dd/ffffff,true
1341,Ara macao,morbi vel,5,http://dummyimage.com/177x157.jpg/5fa2dd/ffffff,true
1342,Varanus salvator,ultrices libero non mattis,91,http://dummyimage.com/194x139.png/cc0000/ffffff,false
1343,Tenrec ecaudatus,non interdum in ante,95,http://dummyimage.com/183x119.png/dddddd/000000,true
1344,Vulpes chama,nibh fusce lacus,54,http://dummyimage.com/153x155.png/dddddd/000000,true
1345,Suricata suricatta,dolor vel est donec odio,33,http://dummyimage.com/241x200.bmp/5fa2dd/ffffff,false
1346,Dasyurus viverrinus,elit ac nulla sed vel,68,http://dummyimage.com/125x177.jpg/dddddd/000000,false
1347,Naja haje,sed tincidunt eu felis,40,http://dummyimage.com/232x111.jpg/5fa2dd/ffffff,false
1348,Anas platyrhynchos,lacinia,76,http://dummyimage.com/151x215.jpg/ff4444/ffffff,false
1349,unavailable,consectetuer adipiscing elit proin interdum,64,http://dummyimage.com/161x203.png/ff4444/ffffff,true
1350,Corvus albicollis,accumsan,44,http://dummyimage.com/168x119.bmp/ff4444/ffffff,false
1351,Plectopterus gambensis,penatibus et magnis dis parturient,32,http://dummyimage.com/122x228.png/ff4444/ffffff,false
1352,Felis caracal,in purus eu,65,http://dummyimage.com/115x127.png/dddddd/000000,false
1353,Smithopsis crassicaudata,sociis natoque penatibus,88,http://dummyimage.com/103x169.bmp/ff4444/ffffff,true
1354,Choriotis kori,ut nulla sed,68,http://dummyimage.com/239x236.jpg/dddddd/000000,true
1355,Ratufa indica,turpis,61,http://dummyimage.com/154x203.bmp/ff4444/ffffff,false
1356,Macropus rufogriseus,ipsum,68,http://dummyimage.com/197x237.jpg/dddddd/000000,true
1357,Eubalaena australis,habitasse platea dictumst,73,http://dummyimage.com/140x223.bmp/5fa2dd/ffffff,false
1358,Sceloporus magister,sodales,17,http://dummyimage.com/161x157.jpg/5fa2dd/ffffff,true
1359,Vulpes cinereoargenteus,dis parturient,72,http://dummyimage.com/194x203.jpg/dddddd/000000,true
1360,Parus atricapillus,rhoncus sed vestibulum sit amet,40,http://dummyimage.com/224x159.png/5fa2dd/ffffff,false
1361,Petaurus breviceps,nullam porttitor lacus at turpis,54,http://dummyimage.com/226x140.jpg/dddddd/000000,true
1362,Procyon cancrivorus,elit ac nulla sed vel,16,http://dummyimage.com/134x204.bmp/5fa2dd/ffffff,false
1363,Tadorna tadorna,ac leo,2,http://dummyimage.com/183x163.bmp/ff4444/ffffff,false
1364,Ovibos moschatus,est,44,http://dummyimage.com/164x103.jpg/dddddd/000000,false
1365,Eumetopias jubatus,justo sit,16,http://dummyimage.com/139x181.jpg/ff4444/ffffff,false
1366,Lamprotornis nitens,placerat praesent blandit nam nulla,28,http://dummyimage.com/148x215.bmp/5fa2dd/ffffff,true
1367,Lutra canadensis,iaculis congue vivamus metus arcu,75,http://dummyimage.com/164x159.png/dddddd/000000,true
1368,Phalacrocorax carbo,ut suscipit a,41,http://dummyimage.com/193x185.png/ff4444/ffffff,true
1369,Zosterops pallidus,tellus in sagittis,28,http://dummyimage.com/242x202.jpg/cc0000/ffffff,true
1370,Cynictis penicillata,mattis odio,19,http://dummyimage.com/104x207.png/cc0000/ffffff,false
1371,Phalaropus lobatus,blandit,34,http://dummyimage.com/135x219.bmp/cc0000/ffffff,true
1372,Petaurus breviceps,elit ac nulla,27,http://dummyimage.com/183x119.png/ff4444/ffffff,true
1373,Mustela nigripes,amet lobortis sapien sapien,67,http://dummyimage.com/178x119.png/cc0000/ffffff,true
1374,Geochelone elephantopus,in blandit ultrices enim,71,http://dummyimage.com/174x205.bmp/5fa2dd/ffffff,false
1375,Ovibos moschatus,tortor risus dapibus augue,3,http://dummyimage.com/115x217.bmp/ff4444/ffffff,false
1376,Lemur fulvus,venenatis turpis,77,http://dummyimage.com/129x239.bmp/dddddd/000000,true
1377,Certotrichas paena,eu nibh quisque id,96,http://dummyimage.com/105x201.jpg/cc0000/ffffff,true
1378,Tockus erythrorhyncus,ultrices erat tortor sollicitudin,13,http://dummyimage.com/109x121.bmp/ff4444/ffffff,true
1379,Gyps bengalensis,ac enim in tempor,26,http://dummyimage.com/163x185.bmp/ff4444/ffffff,true
1380,Carduelis uropygialis,primis in faucibus orci luctus,81,http://dummyimage.com/184x217.jpg/5fa2dd/ffffff,false
1381,Felis concolor,tortor id nulla ultrices,31,http://dummyimage.com/178x155.jpg/dddddd/000000,false
1382,Echimys chrysurus,pede libero quis orci,53,http://dummyimage.com/180x224.bmp/ff4444/ffffff,true
1383,Lamprotornis nitens,ut rhoncus aliquet pulvinar sed,46,http://dummyimage.com/188x190.bmp/5fa2dd/ffffff,true
1384,Macropus robustus,sapien,100,http://dummyimage.com/132x159.jpg/cc0000/ffffff,true
1385,Estrilda erythronotos,pretium quis lectus suspendisse,40,http://dummyimage.com/127x199.jpg/5fa2dd/ffffff,true
1386,Streptopelia senegalensis,sapien,66,http://dummyimage.com/233x233.bmp/5fa2dd/ffffff,false
1387,Graspus graspus,tincidunt,8,http://dummyimage.com/115x187.bmp/ff4444/ffffff,true
1388,Plectopterus gambensis,elit proin risus praesent lectus,57,http://dummyimage.com/138x214.bmp/dddddd/000000,true
1389,Pseudoleistes virescens,pretium nisl,38,http://dummyimage.com/242x142.bmp/cc0000/ffffff,true
1390,Meleagris gallopavo,primis in faucibus orci luctus,16,http://dummyimage.com/191x245.png/ff4444/ffffff,true
1391,Merops bullockoides,ut nulla sed accumsan felis,16,http://dummyimage.com/189x158.jpg/5fa2dd/ffffff,true
1392,Columba palumbus,posuere felis sed lacus morbi,58,http://dummyimage.com/140x196.png/cc0000/ffffff,true
1393,Phalaropus lobatus,pellentesque,58,http://dummyimage.com/105x212.bmp/ff4444/ffffff,true
1394,Halcyon smyrnesis,sit amet,73,http://dummyimage.com/236x201.bmp/dddddd/000000,true
1395,Gyps fulvus,in congue etiam justo etiam,39,http://dummyimage.com/129x219.png/ff4444/ffffff,true
1396,Cacatua tenuirostris,sed vestibulum sit amet cursus,70,http://dummyimage.com/206x156.bmp/cc0000/ffffff,false
1397,Ovibos moschatus,augue luctus tincidunt nulla mollis,13,http://dummyimage.com/154x135.png/dddddd/000000,true
1398,Zalophus californicus,interdum in ante vestibulum ante,13,http://dummyimage.com/170x139.jpg/ff4444/ffffff,true
1399,Macropus rufus,sem sed sagittis nam congue,91,http://dummyimage.com/198x111.png/dddddd/000000,true
1400,Spermophilus tridecemlineatus,fusce lacus purus aliquet,57,http://dummyimage.com/151x202.bmp/cc0000/ffffff,false
1401,Bubulcus ibis,nulla ut,66,http://dummyimage.com/124x233.png/5fa2dd/ffffff,true
1402,Uraeginthus granatina,volutpat,4,http://dummyimage.com/194x127.png/cc0000/ffffff,false
1403,Estrilda erythronotos,tortor,54,http://dummyimage.com/183x190.png/ff4444/ffffff,false
1404,Propithecus verreauxi,id luctus nec molestie,39,http://dummyimage.com/176x233.jpg/5fa2dd/ffffff,false
1405,Anastomus oscitans,rhoncus dui vel sem,28,http://dummyimage.com/162x129.png/5fa2dd/ffffff,true
1406,Chlidonias leucopterus,id justo,96,http://dummyimage.com/116x200.jpg/cc0000/ffffff,true
1407,Neophron percnopterus,vulputate justo in blandit ultrices,50,http://dummyimage.com/239x183.jpg/cc0000/ffffff,false
1408,Tyto novaehollandiae,tristique,64,http://dummyimage.com/165x175.jpg/cc0000/ffffff,false
1409,Genetta genetta,quam pede,5,http://dummyimage.com/125x149.jpg/cc0000/ffffff,false
1410,Boa caninus,potenti cras in purus eu,1,http://dummyimage.com/150x180.jpg/ff4444/ffffff,true
1411,Chlidonias leucopterus,cursus vestibulum proin eu,14,http://dummyimage.com/239x222.jpg/dddddd/000000,false
1412,Merops nubicus,tristique in,78,http://dummyimage.com/239x148.jpg/cc0000/ffffff,true
1413,Tringa glareola,vivamus in felis,72,http://dummyimage.com/185x128.jpg/5fa2dd/ffffff,true
1414,Diomedea irrorata,et,99,http://dummyimage.com/236x160.bmp/5fa2dd/ffffff,false
1415,Trachyphonus vaillantii,luctus et,60,http://dummyimage.com/233x161.bmp/5fa2dd/ffffff,true
1416,Junonia genoveua,ligula suspendisse ornare consequat,37,http://dummyimage.com/113x156.jpg/cc0000/ffffff,true
1417,Chloephaga melanoptera,turpis donec,72,http://dummyimage.com/161x152.jpg/dddddd/000000,true
1418,Mazama gouazoubira,suscipit nulla elit,81,http://dummyimage.com/159x120.bmp/cc0000/ffffff,false
1419,Geochelone elegans,id mauris vulputate elementum,32,http://dummyimage.com/124x243.bmp/5fa2dd/ffffff,true
1420,Orcinus orca,est phasellus,82,http://dummyimage.com/199x246.jpg/dddddd/000000,true
1421,Oncorhynchus nerka,risus auctor,90,http://dummyimage.com/185x217.png/5fa2dd/ffffff,false
1422,Bettongia penicillata,erat curabitur gravida,58,http://dummyimage.com/147x123.png/cc0000/ffffff,true
1423,Colobus guerza,in,41,http://dummyimage.com/219x104.jpg/5fa2dd/ffffff,true
1424,Sciurus niger,lacus purus,58,http://dummyimage.com/228x148.jpg/cc0000/ffffff,false
1425,Hymenolaimus malacorhynchus,at turpis,23,http://dummyimage.com/193x242.png/dddddd/000000,true
1426,Echimys chrysurus,nisl,61,http://dummyimage.com/200x155.jpg/5fa2dd/ffffff,true
1427,Francolinus leucoscepus,massa tempor convallis nulla,44,http://dummyimage.com/115x250.bmp/cc0000/ffffff,false
1428,Neophoca cinerea,nisi nam ultrices libero,63,http://dummyimage.com/173x101.bmp/dddddd/000000,false
1429,Bubalus arnee,diam,7,http://dummyimage.com/124x237.jpg/cc0000/ffffff,false
1430,Limosa haemastica,non mauris morbi non lectus,54,http://dummyimage.com/148x203.bmp/cc0000/ffffff,true
1431,Ratufa indica,in tempus sit,75,http://dummyimage.com/139x172.bmp/ff4444/ffffff,true
1432,Climacteris melanura,tempus semper est,81,http://dummyimage.com/224x153.bmp/ff4444/ffffff,false
1433,Chelodina longicollis,pede posuere nonummy,43,http://dummyimage.com/242x244.jpg/cc0000/ffffff,true
1434,Larus fuliginosus,vivamus tortor,40,http://dummyimage.com/150x139.bmp/cc0000/ffffff,true
1435,Phalaropus lobatus,mauris viverra diam vitae,76,http://dummyimage.com/126x177.png/ff4444/ffffff,false
1436,Mycteria leucocephala,nisl,70,http://dummyimage.com/108x218.png/dddddd/000000,true
1437,Macropus robustus,tortor quis turpis sed,39,http://dummyimage.com/166x135.png/5fa2dd/ffffff,false
1438,Lamprotornis sp.,fringilla rhoncus,50,http://dummyimage.com/178x137.bmp/cc0000/ffffff,true
1439,Tamiasciurus hudsonicus,nulla ultrices aliquet maecenas leo,89,http://dummyimage.com/246x203.png/cc0000/ffffff,false
1440,Panthera leo,nullam molestie nibh,11,http://dummyimage.com/140x210.jpg/cc0000/ffffff,true
1441,Bison bison,phasellus,87,http://dummyimage.com/154x177.png/dddddd/000000,false
1442,Butorides striatus,consequat ut nulla sed accumsan,34,http://dummyimage.com/162x115.bmp/ff4444/ffffff,false
1443,Dasyurus maculatus,ante ipsum primis,11,http://dummyimage.com/163x127.png/5fa2dd/ffffff,false
1444,unavailable,in sagittis dui vel nisl,84,http://dummyimage.com/158x244.bmp/5fa2dd/ffffff,false
1445,Ephippiorhynchus mycteria,vel nisl duis ac,71,http://dummyimage.com/151x142.png/5fa2dd/ffffff,true
1446,Varanus komodensis,in hac,62,http://dummyimage.com/110x165.jpg/ff4444/ffffff,false
1447,Ammospermophilus nelsoni,viverra diam,50,http://dummyimage.com/138x107.bmp/ff4444/ffffff,false
1448,Geochelone elegans,mauris vulputate elementum nullam varius,88,http://dummyimage.com/164x109.jpg/5fa2dd/ffffff,true
1449,Bos frontalis,non ligula pellentesque ultrices,63,http://dummyimage.com/228x197.jpg/cc0000/ffffff,false
1450,Uraeginthus bengalus,eleifend luctus ultricies,45,http://dummyimage.com/167x139.png/ff4444/ffffff,false
1451,Felis rufus,dolor quis odio,50,http://dummyimage.com/199x117.jpg/dddddd/000000,true
1452,Nasua nasua,nulla sed,51,http://dummyimage.com/179x181.jpg/5fa2dd/ffffff,false
1453,Cervus elaphus,libero,24,http://dummyimage.com/101x108.jpg/5fa2dd/ffffff,true
1454,Lamprotornis sp.,tincidunt eget,82,http://dummyimage.com/120x211.png/5fa2dd/ffffff,true
1455,unavailable,sed interdum,93,http://dummyimage.com/151x184.jpg/5fa2dd/ffffff,true
1456,Megaderma spasma,augue a,36,http://dummyimage.com/109x127.bmp/cc0000/ffffff,true
1457,Dendrocygna viduata,enim,96,http://dummyimage.com/123x226.bmp/5fa2dd/ffffff,true
1458,Gyps bengalensis,ultrices phasellus,23,http://dummyimage.com/210x221.bmp/ff4444/ffffff,true
1459,Tachyglossus aculeatus,augue a suscipit nulla,53,http://dummyimage.com/154x228.jpg/cc0000/ffffff,false
1460,Corallus hortulanus cooki,consequat in consequat ut nulla,76,http://dummyimage.com/139x131.jpg/5fa2dd/ffffff,false
1461,Trachyphonus vaillantii,justo etiam pretium iaculis justo,28,http://dummyimage.com/135x176.png/5fa2dd/ffffff,true
1462,Lamprotornis chalybaeus,nisi at nibh in,96,http://dummyimage.com/108x248.jpg/dddddd/000000,false
1463,Tragelaphus strepsiceros,nam dui proin leo odio,59,http://dummyimage.com/154x130.png/5fa2dd/ffffff,true
1464,Lasiorhinus latifrons,ac,94,http://dummyimage.com/186x220.jpg/cc0000/ffffff,true
1465,Ardea golieth,vel augue vestibulum,36,http://dummyimage.com/124x135.bmp/cc0000/ffffff,false
1466,Pseudocheirus peregrinus,dis parturient,49,http://dummyimage.com/136x208.png/ff4444/ffffff,true
1467,Rangifer tarandus,dictumst morbi vestibulum velit,14,http://dummyimage.com/128x238.png/5fa2dd/ffffff,false
1468,Felis libyca,dui luctus,42,http://dummyimage.com/142x101.png/dddddd/000000,false
1469,Chlidonias leucopterus,posuere metus vitae ipsum aliquam,49,http://dummyimage.com/174x115.png/cc0000/ffffff,true
1470,Eremophila alpestris,volutpat sapien,53,http://dummyimage.com/100x100.png/ff4444/ffffff,true
1471,Tiliqua scincoides,vestibulum ac est,48,http://dummyimage.com/146x225.png/cc0000/ffffff,true
1472,Nectarinia chalybea,sed justo pellentesque viverra pede,23,http://dummyimage.com/162x192.bmp/5fa2dd/ffffff,false
1473,Butorides striatus,tempor convallis nulla neque,75,http://dummyimage.com/223x100.jpg/cc0000/ffffff,false
1474,Manouria emys,et ultrices posuere cubilia curae,85,http://dummyimage.com/150x248.jpg/cc0000/ffffff,false
1475,Phalacrocorax niger,nullam orci,34,http://dummyimage.com/250x205.png/cc0000/ffffff,true
1476,Chelodina longicollis,sapien placerat ante nulla justo,39,http://dummyimage.com/186x109.png/ff4444/ffffff,true
1477,Paradoxurus hermaphroditus,ultricies eu nibh quisque id,65,http://dummyimage.com/167x119.png/cc0000/ffffff,true
1478,Physignathus cocincinus,nam,34,http://dummyimage.com/153x111.bmp/ff4444/ffffff,false
1479,Xerus sp.,quisque arcu libero rutrum,25,http://dummyimage.com/152x194.jpg/5fa2dd/ffffff,true
1480,Globicephala melas,lacinia aenean sit amet justo,33,http://dummyimage.com/219x241.png/5fa2dd/ffffff,true
1481,Laniarius ferrugineus,condimentum curabitur,53,http://dummyimage.com/155x136.bmp/5fa2dd/ffffff,true
1482,Perameles nasuta,rutrum,23,http://dummyimage.com/130x136.jpg/5fa2dd/ffffff,true
1483,Tamiasciurus hudsonicus,arcu libero rutrum ac lobortis,83,http://dummyimage.com/162x207.png/dddddd/000000,true
1484,Camelus dromedarius,mauris,58,http://dummyimage.com/121x165.jpg/dddddd/000000,true
1485,Panthera leo,iaculis justo in hac,55,http://dummyimage.com/192x180.bmp/5fa2dd/ffffff,true
1486,Gymnorhina tibicen,mauris laoreet,28,http://dummyimage.com/225x234.bmp/5fa2dd/ffffff,true
1487,Milvago chimachima,nulla quisque,55,http://dummyimage.com/208x246.jpg/dddddd/000000,true
1488,Cebus albifrons,est,35,http://dummyimage.com/100x199.jpg/cc0000/ffffff,true
1489,Felis concolor,magna ac,55,http://dummyimage.com/156x188.png/dddddd/000000,false
1490,Cracticus nigroagularis,sit amet,46,http://dummyimage.com/173x146.bmp/dddddd/000000,false
1491,Marmota caligata,primis in faucibus orci luctus,86,http://dummyimage.com/220x111.bmp/5fa2dd/ffffff,false
1492,Macaca mulatta,aenean auctor gravida,55,http://dummyimage.com/175x228.jpg/dddddd/000000,true
1493,Limosa haemastica,nunc vestibulum ante,2,http://dummyimage.com/197x107.jpg/cc0000/ffffff,true
1494,Mycteria leucocephala,odio porttitor id,12,http://dummyimage.com/168x144.bmp/ff4444/ffffff,false
1495,Sula nebouxii,ultricies eu,18,http://dummyimage.com/139x122.png/dddddd/000000,true
1496,Ceratotherium simum,in blandit ultrices enim lorem,67,http://dummyimage.com/188x224.bmp/ff4444/ffffff,true
1497,Lycaon pictus,luctus,15,http://dummyimage.com/201x122.jpg/ff4444/ffffff,false
1498,Cathartes aura,in purus eu magna,51,http://dummyimage.com/169x184.jpg/cc0000/ffffff,false
1499,Tamandua tetradactyla,pede libero,92,http://dummyimage.com/165x243.bmp/cc0000/ffffff,true
1500,Cacatua tenuirostris,mauris morbi non,4,http://dummyimage.com/248x161.png/dddddd/000000,true
1501,Crotalus triseriatus,nisi,21,http://dummyimage.com/120x195.png/ff4444/ffffff,true
1502,Spizaetus coronatus,odio consequat varius integer ac,89,http://dummyimage.com/154x185.bmp/ff4444/ffffff,true
1503,Centrocercus urophasianus,pede,63,http://dummyimage.com/143x137.png/ff4444/ffffff,false
1504,Crocodylus niloticus,dapibus nulla suscipit,36,http://dummyimage.com/246x150.bmp/ff4444/ffffff,false
1505,Petaurus norfolcensis,lorem vitae mattis nibh,1,http://dummyimage.com/209x136.bmp/dddddd/000000,true
1506,Ninox superciliaris,lorem vitae mattis nibh ligula,74,http://dummyimage.com/244x241.png/cc0000/ffffff,true
1507,Galictis vittata,velit nec nisi vulputate,63,http://dummyimage.com/158x241.jpg/5fa2dd/ffffff,false
1508,Bugeranus caruncalatus,posuere cubilia curae duis,83,http://dummyimage.com/209x104.jpg/dddddd/000000,true
1509,Myrmecobius fasciatus,massa donec dapibus duis,8,http://dummyimage.com/161x153.png/ff4444/ffffff,false
1510,Varanus salvator,dolor morbi,59,http://dummyimage.com/231x222.jpg/dddddd/000000,false
1511,Canis lupus baileyi,donec semper sapien,38,http://dummyimage.com/187x116.bmp/ff4444/ffffff,false
1512,Agouti paca,duis faucibus,90,http://dummyimage.com/219x244.jpg/dddddd/000000,false
1513,Butorides striatus,at nunc,37,http://dummyimage.com/224x159.jpg/dddddd/000000,true
1514,Dasyurus maculatus,volutpat quam pede,17,http://dummyimage.com/189x250.bmp/ff4444/ffffff,false
1515,Canis lupus lycaon,vestibulum sit amet,36,http://dummyimage.com/144x137.bmp/cc0000/ffffff,false
1516,Paraxerus cepapi,suscipit ligula in lacus curabitur,91,http://dummyimage.com/194x193.jpg/dddddd/000000,false
1517,Acridotheres tristis,fringilla rhoncus mauris enim,64,http://dummyimage.com/119x176.png/5fa2dd/ffffff,true
1518,Bubo virginianus,imperdiet nullam orci pede venenatis,24,http://dummyimage.com/219x210.bmp/ff4444/ffffff,false
1519,Felis concolor,aliquet,45,http://dummyimage.com/114x188.png/dddddd/000000,false
1520,Pitangus sulphuratus,in,100,http://dummyimage.com/195x202.bmp/ff4444/ffffff,false
1521,Odocoileus hemionus,sapien urna pretium,64,http://dummyimage.com/179x182.png/cc0000/ffffff,true
1522,Dasyurus viverrinus,ipsum dolor sit amet,7,http://dummyimage.com/204x239.png/ff4444/ffffff,true
1523,Pelecans onocratalus,dictumst aliquam augue,39,http://dummyimage.com/179x210.bmp/ff4444/ffffff,true
1524,Sylvicapra grimma,nisi eu orci mauris lacinia,10,http://dummyimage.com/245x184.jpg/ff4444/ffffff,false
1525,Phoenicopterus ruber,fusce lacus purus aliquet,24,http://dummyimage.com/130x247.jpg/ff4444/ffffff,false
1526,Chauna torquata,volutpat erat quisque,97,http://dummyimage.com/180x158.png/dddddd/000000,false
1527,Otaria flavescens,leo,88,http://dummyimage.com/168x104.png/dddddd/000000,true
1528,Choloepus hoffmani,scelerisque,90,http://dummyimage.com/119x124.jpg/dddddd/000000,true
1529,Microcavia australis,sem,21,http://dummyimage.com/236x156.jpg/dddddd/000000,false
1530,Sarcophilus harrisii,nisi venenatis,29,http://dummyimage.com/186x232.png/ff4444/ffffff,true
1531,Heloderma horridum,dignissim vestibulum vestibulum,26,http://dummyimage.com/160x219.png/ff4444/ffffff,false
1532,Ara ararauna,tempus vivamus in,42,http://dummyimage.com/200x185.jpg/cc0000/ffffff,false
1533,Phasianus colchicus,in,22,http://dummyimage.com/237x118.png/5fa2dd/ffffff,true
1534,Thylogale stigmatica,sit amet consectetuer adipiscing,56,http://dummyimage.com/190x180.jpg/cc0000/ffffff,true
1535,Ninox superciliaris,tincidunt,52,http://dummyimage.com/125x155.bmp/5fa2dd/ffffff,false
1536,Merops sp.,vestibulum ante,57,http://dummyimage.com/174x169.bmp/cc0000/ffffff,true
1537,Carduelis pinus,vitae ipsum aliquam non,4,http://dummyimage.com/167x190.jpg/5fa2dd/ffffff,false
1538,Eumetopias jubatus,nibh in hac habitasse platea,61,http://dummyimage.com/229x234.bmp/ff4444/ffffff,true
1539,Bubalus arnee,id nisl venenatis,78,http://dummyimage.com/238x216.jpg/dddddd/000000,true
1540,Castor canadensis,tortor quis turpis sed,27,http://dummyimage.com/232x220.bmp/ff4444/ffffff,false
1541,Haliaetus vocifer,habitasse platea,60,http://dummyimage.com/137x222.png/dddddd/000000,true
1542,Coracias caudata,cras pellentesque volutpat dui maecenas,43,http://dummyimage.com/106x210.jpg/5fa2dd/ffffff,true
1543,Lama guanicoe,vel nulla eget eros,27,http://dummyimage.com/137x136.jpg/dddddd/000000,true
1544,Conolophus subcristatus,turpis elementum ligula vehicula,74,http://dummyimage.com/248x211.png/5fa2dd/ffffff,false
1545,Dusicyon thous,congue diam id,86,http://dummyimage.com/155x170.bmp/cc0000/ffffff,true
1546,Phascogale calura,dui luctus rutrum nulla,27,http://dummyimage.com/170x103.jpg/ff4444/ffffff,false
1547,Pteropus rufus,ultrices posuere cubilia curae duis,18,http://dummyimage.com/164x234.png/dddddd/000000,false
1548,Picoides pubescens,auctor gravida,84,http://dummyimage.com/235x164.jpg/ff4444/ffffff,false
1549,Mazama americana,est congue elementum in hac,60,http://dummyimage.com/224x152.png/dddddd/000000,true
1550,Eumetopias jubatus,ac leo,48,http://dummyimage.com/199x176.bmp/5fa2dd/ffffff,false
1551,Thalasseus maximus,ac neque,94,http://dummyimage.com/189x159.png/5fa2dd/ffffff,false
1552,Ovis orientalis,tempor convallis,53,http://dummyimage.com/146x111.jpg/cc0000/ffffff,false
1553,Lycosa godeffroyi,commodo,70,http://dummyimage.com/144x228.jpg/cc0000/ffffff,true
1554,Didelphis virginiana,pede libero,86,http://dummyimage.com/202x131.jpg/cc0000/ffffff,true
1555,Passer domesticus,consequat in consequat,42,http://dummyimage.com/111x234.png/dddddd/000000,false
1556,Geochelone elegans,semper sapien a,13,http://dummyimage.com/159x219.jpg/5fa2dd/ffffff,true
1557,Scolopax minor,sapien iaculis congue vivamus,56,http://dummyimage.com/215x162.jpg/dddddd/000000,true
1558,Francolinus coqui,semper interdum mauris ullamcorper purus,64,http://dummyimage.com/229x172.jpg/5fa2dd/ffffff,true
1559,Equus burchelli,sed interdum venenatis turpis enim,83,http://dummyimage.com/157x199.jpg/cc0000/ffffff,false
1560,Spheniscus magellanicus,odio odio elementum eu,89,http://dummyimage.com/193x126.png/dddddd/000000,true
1561,Boselaphus tragocamelus,diam,82,http://dummyimage.com/157x127.png/dddddd/000000,false
1562,Seiurus aurocapillus,lectus pellentesque at nulla,33,http://dummyimage.com/238x234.png/dddddd/000000,true
1563,Eutamias minimus,duis at velit,35,http://dummyimage.com/170x202.jpg/dddddd/000000,true
1564,Priodontes maximus,est,11,http://dummyimage.com/146x174.bmp/dddddd/000000,false
1565,Psophia viridis,id pretium,20,http://dummyimage.com/142x209.png/5fa2dd/ffffff,true
1566,Lama pacos,consectetuer,66,http://dummyimage.com/162x244.jpg/ff4444/ffffff,false
1567,Varanus salvator,ac neque duis bibendum,29,http://dummyimage.com/105x219.png/dddddd/000000,true
1568,Neotoma sp.,ac nibh fusce lacus,62,http://dummyimage.com/105x180.bmp/dddddd/000000,true
1569,Phalacrocorax niger,eu,97,http://dummyimage.com/219x177.jpg/cc0000/ffffff,false
1570,Choriotis kori,vel accumsan,37,http://dummyimage.com/201x143.png/ff4444/ffffff,false
1571,Phoenicopterus ruber,ut nulla,91,http://dummyimage.com/224x192.png/dddddd/000000,false
1572,Alligator mississippiensis,nulla nunc,64,http://dummyimage.com/182x247.jpg/ff4444/ffffff,false
1573,Macropus rufus,nec euismod scelerisque quam turpis,43,http://dummyimage.com/141x171.jpg/5fa2dd/ffffff,false
1574,Isoodon obesulus,rutrum rutrum neque aenean auctor,89,http://dummyimage.com/170x172.bmp/cc0000/ffffff,false
1575,Bassariscus astutus,vel,66,http://dummyimage.com/134x211.bmp/cc0000/ffffff,false
1576,Conolophus subcristatus,imperdiet nullam orci pede venenatis,14,http://dummyimage.com/199x147.jpg/5fa2dd/ffffff,true
1577,Plectopterus gambensis,sit amet consectetuer,47,http://dummyimage.com/217x163.bmp/cc0000/ffffff,true
1578,Bubalus arnee,phasellus sit amet,94,http://dummyimage.com/139x201.png/ff4444/ffffff,false
1579,Castor fiber,fusce consequat nulla nisl nunc,95,http://dummyimage.com/227x245.bmp/5fa2dd/ffffff,true
1580,Aegypius occipitalis,duis,92,http://dummyimage.com/208x132.png/dddddd/000000,true
1581,Oryx gazella,vestibulum quam sapien varius ut,28,http://dummyimage.com/157x140.jpg/5fa2dd/ffffff,false
1582,Lasiorhinus latifrons,nisi,73,http://dummyimage.com/195x250.jpg/5fa2dd/ffffff,true
1583,Francolinus coqui,non mi integer,30,http://dummyimage.com/106x134.bmp/dddddd/000000,false
1584,Zalophus californicus,aenean,11,http://dummyimage.com/131x143.png/ff4444/ffffff,false
1585,Actophilornis africanus,ultrices aliquet maecenas leo,1,http://dummyimage.com/131x209.png/5fa2dd/ffffff,false
1586,Theropithecus gelada,pulvinar sed nisl,30,http://dummyimage.com/189x143.png/5fa2dd/ffffff,false
1587,Aegypius tracheliotus,vitae,39,http://dummyimage.com/226x194.png/dddddd/000000,true
1588,Phoenicopterus chilensis,rhoncus mauris,64,http://dummyimage.com/138x220.png/dddddd/000000,true
1589,unavailable,dui proin leo,49,http://dummyimage.com/120x151.png/5fa2dd/ffffff,false
1590,Anas bahamensis,convallis,2,http://dummyimage.com/208x207.jpg/dddddd/000000,true
1591,Kobus defassa,platea dictumst aliquam augue quam,77,http://dummyimage.com/221x212.bmp/cc0000/ffffff,true
1592,Varanus salvator,congue elementum,57,http://dummyimage.com/161x146.jpg/ff4444/ffffff,true
1593,Limnocorax flavirostra,ante vivamus,32,http://dummyimage.com/149x112.jpg/5fa2dd/ffffff,false
1594,Myiarchus tuberculifer,mattis pulvinar nulla pede ullamcorper,83,http://dummyimage.com/211x126.png/ff4444/ffffff,false
1595,Larus sp.,blandit lacinia erat vestibulum,31,http://dummyimage.com/212x121.bmp/cc0000/ffffff,false
1596,Cracticus nigroagularis,pede morbi,20,http://dummyimage.com/176x209.png/5fa2dd/ffffff,false
1597,Dasypus septemcincus,leo maecenas pulvinar lobortis est,56,http://dummyimage.com/142x160.png/ff4444/ffffff,false
1598,Canis mesomelas,augue quam sollicitudin vitae consectetuer,21,http://dummyimage.com/119x132.bmp/cc0000/ffffff,true
1599,Lemur catta,enim sit amet nunc,29,http://dummyimage.com/223x229.jpg/cc0000/ffffff,true
1600,Kobus defassa,imperdiet et,25,http://dummyimage.com/217x160.jpg/cc0000/ffffff,true
1601,Camelus dromedarius,sociis natoque penatibus,95,http://dummyimage.com/180x220.jpg/5fa2dd/ffffff,true
1602,Procyon cancrivorus,viverra,29,http://dummyimage.com/172x131.bmp/dddddd/000000,false
1603,Macropus robustus,ligula sit amet eleifend pede,19,http://dummyimage.com/118x178.jpg/dddddd/000000,false
1604,Callipepla gambelii,penatibus et magnis dis parturient,32,http://dummyimage.com/194x109.bmp/ff4444/ffffff,true
1605,Herpestes javanicus,massa tempor,95,http://dummyimage.com/205x142.bmp/ff4444/ffffff,true
1606,Tayassu tajacu,viverra pede ac diam,9,http://dummyimage.com/210x112.png/cc0000/ffffff,true
1607,Leprocaulinus vipera,in hac,47,http://dummyimage.com/116x104.png/ff4444/ffffff,true
1608,Notechis semmiannulatus,elit,61,http://dummyimage.com/242x122.png/5fa2dd/ffffff,false
1609,Lepus townsendii,a suscipit nulla elit ac,61,http://dummyimage.com/119x229.png/cc0000/ffffff,false
1610,Felis concolor,elit sodales scelerisque mauris,2,http://dummyimage.com/102x226.png/5fa2dd/ffffff,false
1611,Halcyon smyrnesis,rhoncus sed,94,http://dummyimage.com/126x130.png/ff4444/ffffff,true
1612,Lycaon pictus,condimentum curabitur in libero ut,49,http://dummyimage.com/147x158.jpg/cc0000/ffffff,true
1613,Tamandua tetradactyla,luctus cum sociis natoque,39,http://dummyimage.com/222x179.bmp/5fa2dd/ffffff,true
1614,Sceloporus magister,ridiculus mus,56,http://dummyimage.com/220x144.png/ff4444/ffffff,false
1615,Tamiasciurus hudsonicus,nec,93,http://dummyimage.com/174x187.bmp/cc0000/ffffff,false
1616,Macaca mulatta,mauris eget massa tempor convallis,59,http://dummyimage.com/247x184.bmp/cc0000/ffffff,true
1617,Acridotheres tristis,rutrum,60,http://dummyimage.com/100x184.jpg/cc0000/ffffff,true
1618,Propithecus verreauxi,ante nulla justo,93,http://dummyimage.com/194x158.bmp/cc0000/ffffff,true
1619,Limosa haemastica,posuere cubilia curae,34,http://dummyimage.com/148x192.jpg/dddddd/000000,true
1620,Pseudocheirus peregrinus,duis aliquam convallis nunc proin,46,http://dummyimage.com/249x150.png/cc0000/ffffff,false
1621,Helogale undulata,eu magna vulputate,26,http://dummyimage.com/166x117.bmp/dddddd/000000,false
1622,Axis axis,tristique tortor,100,http://dummyimage.com/159x143.bmp/cc0000/ffffff,true
1623,Marmota flaviventris,commodo vulputate justo in,93,http://dummyimage.com/139x107.jpg/dddddd/000000,true
1624,Macropus giganteus,eros,36,http://dummyimage.com/144x106.png/cc0000/ffffff,false
1625,Choloepus hoffmani,pellentesque ultrices,18,http://dummyimage.com/126x106.jpg/5fa2dd/ffffff,false
1626,Morelia spilotes variegata,commodo placerat praesent,42,http://dummyimage.com/192x147.bmp/dddddd/000000,true
1627,Manouria emys,amet sapien dignissim,86,http://dummyimage.com/131x168.jpg/ff4444/ffffff,true
1628,Neotis denhami,morbi non lectus aliquam,13,http://dummyimage.com/150x161.bmp/5fa2dd/ffffff,false
1629,Pitangus sulphuratus,etiam pretium iaculis,46,http://dummyimage.com/124x229.png/cc0000/ffffff,true
1630,Calyptorhynchus magnificus,eget eros elementum,9,http://dummyimage.com/196x112.jpg/5fa2dd/ffffff,true
1631,Ratufa indica,ligula nec,34,http://dummyimage.com/245x188.jpg/cc0000/ffffff,true
1632,Ratufa indica,diam neque vestibulum,58,http://dummyimage.com/218x169.png/5fa2dd/ffffff,false
1633,Bettongia penicillata,odio porttitor id,56,http://dummyimage.com/208x138.png/cc0000/ffffff,true
1634,Naja sp.,dis parturient montes nascetur,84,http://dummyimage.com/163x106.jpg/5fa2dd/ffffff,true
1635,Dusicyon thous,tellus nulla ut erat id,34,http://dummyimage.com/175x106.png/5fa2dd/ffffff,false
1636,Carphophis sp.,platea dictumst,31,http://dummyimage.com/211x250.jpg/dddddd/000000,false
1637,Cordylus giganteus,leo odio,45,http://dummyimage.com/202x246.png/cc0000/ffffff,false
1638,Aegypius tracheliotus,rutrum at,24,http://dummyimage.com/133x141.bmp/ff4444/ffffff,true
1639,Dasypus novemcinctus,sit,25,http://dummyimage.com/148x198.png/ff4444/ffffff,false
1640,Ctenophorus ornatus,lacinia erat vestibulum sed magna,26,http://dummyimage.com/240x145.jpg/ff4444/ffffff,true
1641,Stercorarius longicausus,lacus at velit vivamus vel,76,http://dummyimage.com/149x125.jpg/dddddd/000000,false
1642,Nyctea scandiaca,purus phasellus in,23,http://dummyimage.com/242x177.bmp/5fa2dd/ffffff,false
1643,Libellula quadrimaculata,libero,55,http://dummyimage.com/241x151.png/dddddd/000000,true
1644,Marmota monax,nec nisi volutpat eleifend donec,65,http://dummyimage.com/182x231.png/5fa2dd/ffffff,false
1645,Bettongia penicillata,in,29,http://dummyimage.com/127x134.bmp/dddddd/000000,true
1646,Haliaeetus leucoryphus,quam a odio in hac,36,http://dummyimage.com/225x224.jpg/ff4444/ffffff,false
1647,Antechinus flavipes,duis mattis egestas metus,87,http://dummyimage.com/131x212.png/ff4444/ffffff,false
1648,Platalea leucordia,mi,65,http://dummyimage.com/105x224.png/ff4444/ffffff,false
1649,Erethizon dorsatum,pellentesque ultrices mattis odio,82,http://dummyimage.com/246x226.png/cc0000/ffffff,true
1650,Laniarius ferrugineus,quisque erat eros viverra,22,http://dummyimage.com/181x208.png/dddddd/000000,true
1651,Porphyrio porphyrio,duis mattis egestas metus,54,http://dummyimage.com/226x153.jpg/dddddd/000000,false
1652,Buteo jamaicensis,blandit ultrices enim,37,http://dummyimage.com/236x250.bmp/5fa2dd/ffffff,false
1653,Felis caracal,ut mauris eget massa,65,http://dummyimage.com/146x140.bmp/dddddd/000000,false
1654,Anas bahamensis,nunc purus phasellus in felis,47,http://dummyimage.com/116x163.jpg/dddddd/000000,true
1655,Eurocephalus anguitimens,facilisi cras non velit,53,http://dummyimage.com/117x211.jpg/cc0000/ffffff,true
1656,Lamprotornis superbus,penatibus,22,http://dummyimage.com/212x131.png/5fa2dd/ffffff,true
1657,Ara chloroptera,praesent id massa id,45,http://dummyimage.com/140x250.png/5fa2dd/ffffff,false
1658,Odocoilenaus virginianus,nisi,6,http://dummyimage.com/174x150.png/cc0000/ffffff,false
1659,Casmerodius albus,porta volutpat erat,95,http://dummyimage.com/133x176.jpg/ff4444/ffffff,true
1660,Nycticorax nycticorax,montes nascetur ridiculus mus,29,http://dummyimage.com/120x107.bmp/ff4444/ffffff,false
1661,Himantopus himantopus,faucibus,50,http://dummyimage.com/181x145.png/ff4444/ffffff,true
1662,Capra ibex,posuere,46,http://dummyimage.com/120x223.png/cc0000/ffffff,true
1663,Carduelis uropygialis,bibendum imperdiet,15,http://dummyimage.com/104x184.bmp/5fa2dd/ffffff,true
1664,Corvus brachyrhynchos,lacus morbi sem mauris laoreet,77,http://dummyimage.com/213x110.png/cc0000/ffffff,true
1665,Ursus maritimus,vestibulum ante,50,http://dummyimage.com/216x240.png/dddddd/000000,true
1666,Petaurus breviceps,nullam porttitor lacus at turpis,15,http://dummyimage.com/153x228.jpg/dddddd/000000,true
1667,Uraeginthus granatina,est congue,59,http://dummyimage.com/153x184.png/cc0000/ffffff,false
1668,Ciconia episcopus,scelerisque quam,1,http://dummyimage.com/172x143.jpg/dddddd/000000,false
1669,Tayassu tajacu,justo sollicitudin ut,10,http://dummyimage.com/110x163.bmp/dddddd/000000,true
1670,Vombatus ursinus,ante vel,51,http://dummyimage.com/111x244.jpg/dddddd/000000,true
1671,Podargus strigoides,nibh,98,http://dummyimage.com/241x183.png/ff4444/ffffff,true
1672,Macropus giganteus,ipsum dolor sit,19,http://dummyimage.com/157x121.jpg/cc0000/ffffff,true
1673,Anastomus oscitans,nec condimentum neque sapien placerat,36,http://dummyimage.com/238x191.png/dddddd/000000,false
1674,Perameles nasuta,placerat,31,http://dummyimage.com/171x228.bmp/5fa2dd/ffffff,true
1675,Aonyx cinerea,suspendisse,65,http://dummyimage.com/207x218.png/cc0000/ffffff,true
1676,Ictonyx striatus,orci mauris lacinia sapien quis,89,http://dummyimage.com/145x159.jpg/5fa2dd/ffffff,true
1677,Manouria emys,nunc,43,http://dummyimage.com/117x119.png/dddddd/000000,false
1678,Francolinus coqui,iaculis diam,39,http://dummyimage.com/101x171.jpg/dddddd/000000,true
1679,Sitta canadensis,parturient montes nascetur ridiculus,83,http://dummyimage.com/137x217.bmp/dddddd/000000,false
1680,Crax sp.,eros suspendisse accumsan tortor quis,68,http://dummyimage.com/226x113.bmp/5fa2dd/ffffff,false
1681,Ovis musimon,vestibulum ante ipsum primis,69,http://dummyimage.com/137x104.jpg/5fa2dd/ffffff,false
1682,Equus burchelli,suspendisse potenti cras in,30,http://dummyimage.com/187x166.bmp/dddddd/000000,true
1683,Cebus albifrons,in ante vestibulum ante ipsum,8,http://dummyimage.com/179x242.jpg/5fa2dd/ffffff,true
1684,Macropus rufogriseus,tellus semper,56,http://dummyimage.com/128x229.bmp/ff4444/ffffff,true
1685,Helogale undulata,in eleifend quam,23,http://dummyimage.com/237x152.jpg/dddddd/000000,true
1686,Eubalaena australis,consequat morbi,71,http://dummyimage.com/225x245.jpg/5fa2dd/ffffff,true
1687,Canis latrans,proin leo odio porttitor id,16,http://dummyimage.com/193x236.jpg/ff4444/ffffff,false
1688,Uraeginthus angolensis,consequat,49,http://dummyimage.com/101x177.bmp/ff4444/ffffff,false
1689,Gymnorhina tibicen,ultrices,13,http://dummyimage.com/155x122.bmp/cc0000/ffffff,false
1690,Dasyurus viverrinus,congue elementum in hac habitasse,62,http://dummyimage.com/129x133.bmp/dddddd/000000,true
1691,Felis libyca,aenean sit amet justo,99,http://dummyimage.com/201x114.png/ff4444/ffffff,false
1692,Rhea americana,volutpat eleifend donec ut,54,http://dummyimage.com/244x246.bmp/dddddd/000000,false
1693,Ara ararauna,pharetra magna,46,http://dummyimage.com/203x168.jpg/ff4444/ffffff,false
1694,Mazama americana,tincidunt ante vel,18,http://dummyimage.com/130x220.png/5fa2dd/ffffff,true
1695,Castor canadensis,nec sem duis aliquam,7,http://dummyimage.com/131x120.bmp/dddddd/000000,true
1696,Porphyrio porphyrio,dolor sit amet,85,http://dummyimage.com/172x232.jpg/5fa2dd/ffffff,false
1697,Amblyrhynchus cristatus,odio porttitor id consequat,98,http://dummyimage.com/118x178.jpg/dddddd/000000,true
1698,Felis libyca,commodo,76,http://dummyimage.com/174x184.jpg/dddddd/000000,false
1699,Columba palumbus,luctus,55,http://dummyimage.com/110x127.jpg/ff4444/ffffff,true
1700,Myrmecophaga tridactyla,sed justo,13,http://dummyimage.com/152x185.bmp/cc0000/ffffff,false
1701,Macropus agilis,pulvinar lobortis est phasellus,3,http://dummyimage.com/131x167.png/5fa2dd/ffffff,false
1702,Pseudoleistes virescens,aliquam non mauris morbi,61,http://dummyimage.com/165x175.jpg/ff4444/ffffff,false
1703,Phacochoerus aethiopus,mattis odio donec vitae,40,http://dummyimage.com/113x204.jpg/dddddd/000000,true
1704,Recurvirostra avosetta,dictumst aliquam,37,http://dummyimage.com/137x228.jpg/cc0000/ffffff,false
1705,Anas bahamensis,arcu adipiscing molestie hendrerit,36,http://dummyimage.com/207x226.bmp/5fa2dd/ffffff,false
1706,Larus dominicanus,at velit vivamus vel,56,http://dummyimage.com/244x214.jpg/cc0000/ffffff,false
1707,Bucephala clangula,amet nulla,87,http://dummyimage.com/114x126.png/5fa2dd/ffffff,false
1708,Manouria emys,vel,35,http://dummyimage.com/122x242.jpg/dddddd/000000,false
1709,Microcebus murinus,nullam orci pede venenatis non,47,http://dummyimage.com/236x172.jpg/cc0000/ffffff,true
1710,Streptopelia senegalensis,ultrices phasellus,6,http://dummyimage.com/136x102.bmp/5fa2dd/ffffff,false
1711,Butorides striatus,ut dolor,76,http://dummyimage.com/218x195.jpg/cc0000/ffffff,true
1712,Thalasseus maximus,tellus,3,http://dummyimage.com/180x218.bmp/5fa2dd/ffffff,false
1713,Dendrohyrax brucel,dapibus at,21,http://dummyimage.com/190x126.bmp/5fa2dd/ffffff,true
1714,Dendrocitta vagabunda,at ipsum ac tellus,78,http://dummyimage.com/132x115.bmp/ff4444/ffffff,true
1715,Pseudalopex gymnocercus,felis,46,http://dummyimage.com/245x214.jpg/ff4444/ffffff,false
1716,Gazella thompsonii,ornare imperdiet,49,http://dummyimage.com/113x120.png/5fa2dd/ffffff,false
1717,Mycteria leucocephala,ac est lacinia,4,http://dummyimage.com/192x150.bmp/5fa2dd/ffffff,false
1718,Irania gutteralis,etiam faucibus cursus urna,61,http://dummyimage.com/226x243.png/ff4444/ffffff,false
1719,Dicrostonyx groenlandicus,blandit,41,http://dummyimage.com/121x110.png/dddddd/000000,false
1720,Tadorna tadorna,sit,7,http://dummyimage.com/212x155.png/dddddd/000000,false
1721,Crocodylus niloticus,libero,81,http://dummyimage.com/197x224.jpg/cc0000/ffffff,true
1722,Trichosurus vulpecula,vel nulla eget eros elementum,91,http://dummyimage.com/191x102.jpg/5fa2dd/ffffff,true
1723,Nectarinia chalybea,non velit,16,http://dummyimage.com/171x171.jpg/cc0000/ffffff,false
1724,Semnopithecus entellus,suspendisse potenti in eleifend quam,50,http://dummyimage.com/126x192.jpg/ff4444/ffffff,true
1725,Dolichitus patagonum,odio donec vitae nisi nam,22,http://dummyimage.com/134x114.bmp/ff4444/ffffff,true
1726,Felis silvestris lybica,integer,1,http://dummyimage.com/182x187.bmp/ff4444/ffffff,false
1727,Aquila chrysaetos,nunc,18,http://dummyimage.com/146x121.bmp/cc0000/ffffff,false
1728,Bassariscus astutus,lectus aliquam sit amet diam,77,http://dummyimage.com/118x233.bmp/cc0000/ffffff,false
1729,Eutamias minimus,ante vestibulum ante ipsum primis,50,http://dummyimage.com/181x179.bmp/ff4444/ffffff,true
1730,Nasua narica,ipsum primis in faucibus,30,http://dummyimage.com/157x190.jpg/ff4444/ffffff,true
1731,Lemur fulvus,eget tincidunt,46,http://dummyimage.com/181x176.png/dddddd/000000,false
1732,Aonyx cinerea,lectus in,72,http://dummyimage.com/144x213.jpg/5fa2dd/ffffff,true
1733,Geospiza sp.,duis ac,38,http://dummyimage.com/153x117.jpg/dddddd/000000,true
1734,Panthera pardus,curabitur in libero ut,29,http://dummyimage.com/180x190.jpg/5fa2dd/ffffff,false
1735,Streptopelia senegalensis,posuere,80,http://dummyimage.com/115x126.png/cc0000/ffffff,true
1736,Cynomys ludovicianus,at velit vivamus vel nulla,74,http://dummyimage.com/198x128.jpg/cc0000/ffffff,false
1737,Galago crassicaudataus,dolor quis,31,http://dummyimage.com/174x164.bmp/ff4444/ffffff,false
1738,Larus fuliginosus,vulputate nonummy maecenas tincidunt lacus,50,http://dummyimage.com/109x106.bmp/cc0000/ffffff,true
1739,Cordylus giganteus,nisi eu orci,20,http://dummyimage.com/158x173.bmp/dddddd/000000,true
1740,Propithecus verreauxi,sit amet,26,http://dummyimage.com/199x246.bmp/dddddd/000000,false
1741,Equus burchelli,augue,17,http://dummyimage.com/129x250.jpg/ff4444/ffffff,false
1742,Connochaetus taurinus,turpis elementum,66,http://dummyimage.com/236x192.bmp/ff4444/ffffff,true
1743,Ictonyx striatus,eget,79,http://dummyimage.com/131x236.bmp/5fa2dd/ffffff,false
1744,Corvus brachyrhynchos,adipiscing,73,http://dummyimage.com/113x217.png/ff4444/ffffff,false
1745,Bison bison,penatibus et magnis,99,http://dummyimage.com/142x216.jpg/dddddd/000000,false
1746,Vombatus ursinus,rutrum nulla nunc purus phasellus,100,http://dummyimage.com/204x125.png/dddddd/000000,true
1747,Himantopus himantopus,tempor turpis nec euismod scelerisque,33,http://dummyimage.com/240x208.jpg/dddddd/000000,false
1748,Sterna paradisaea,justo sit amet sapien dignissim,56,http://dummyimage.com/249x140.bmp/ff4444/ffffff,false
1749,Crocodylus niloticus,bibendum morbi non quam,96,http://dummyimage.com/139x212.png/dddddd/000000,false
1750,Neotis denhami,posuere,34,http://dummyimage.com/146x120.bmp/ff4444/ffffff,true
1751,Lepilemur rufescens,est,67,http://dummyimage.com/128x150.jpg/dddddd/000000,false
1752,Vulpes vulpes,amet eleifend pede libero quis,44,http://dummyimage.com/175x221.jpg/ff4444/ffffff,false
1753,Gyps bengalensis,vulputate luctus cum,17,http://dummyimage.com/156x151.jpg/5fa2dd/ffffff,true
1754,Lama pacos,venenatis non sodales sed tincidunt,6,http://dummyimage.com/126x249.bmp/ff4444/ffffff,true
1755,Fulica cristata,turpis a pede,42,http://dummyimage.com/147x100.jpg/5fa2dd/ffffff,true
1756,Ninox superciliaris,phasellus,3,http://dummyimage.com/205x189.jpg/cc0000/ffffff,false
1757,Gyps bengalensis,luctus et,87,http://dummyimage.com/177x113.jpg/5fa2dd/ffffff,true
1758,Theropithecus gelada,dui vel,36,http://dummyimage.com/195x101.bmp/dddddd/000000,true
1759,Sula nebouxii,id nisl venenatis lacinia aenean,81,http://dummyimage.com/121x190.bmp/5fa2dd/ffffff,false
1760,Damaliscus lunatus,augue vel,79,http://dummyimage.com/135x165.png/cc0000/ffffff,false
1761,Vulpes vulpes,pretium iaculis diam erat fermentum,26,http://dummyimage.com/235x142.png/ff4444/ffffff,true
1762,Bradypus tridactylus,vel,11,http://dummyimage.com/133x178.bmp/5fa2dd/ffffff,false
1763,Oreotragus oreotragus,elit proin,76,http://dummyimage.com/182x247.png/cc0000/ffffff,false
1764,Coluber constrictor foxii,erat vestibulum,68,http://dummyimage.com/219x111.jpg/ff4444/ffffff,false
1765,Vulpes chama,nisi venenatis,97,http://dummyimage.com/224x195.png/ff4444/ffffff,true
1766,Falco mexicanus,nulla pede ullamcorper augue a,8,http://dummyimage.com/116x243.png/ff4444/ffffff,false
1767,Coendou prehensilis,leo odio porttitor id,12,http://dummyimage.com/232x144.bmp/cc0000/ffffff,true
1768,Milvago chimachima,morbi,36,http://dummyimage.com/237x225.jpg/5fa2dd/ffffff,false
1769,Ara chloroptera,duis aliquam convallis,33,http://dummyimage.com/248x163.bmp/cc0000/ffffff,true
1770,Odocoileus hemionus,lectus in quam,86,http://dummyimage.com/173x116.jpg/dddddd/000000,true
1771,Platalea leucordia,sit amet eleifend pede libero,29,http://dummyimage.com/153x219.bmp/cc0000/ffffff,false
1772,Corvus albus,in quis justo maecenas,4,http://dummyimage.com/205x147.jpg/ff4444/ffffff,true
1773,Eolophus roseicapillus,neque aenean auctor,34,http://dummyimage.com/239x152.jpg/5fa2dd/ffffff,false
1774,Cereopsis novaehollandiae,duis bibendum morbi non quam,12,http://dummyimage.com/124x171.png/dddddd/000000,true
1775,Choloepus hoffmani,vel augue vestibulum,99,http://dummyimage.com/151x223.bmp/5fa2dd/ffffff,false
1776,Cochlearius cochlearius,pede morbi porttitor,90,http://dummyimage.com/131x209.png/5fa2dd/ffffff,true
1777,Ctenophorus ornatus,nullam molestie nibh in lectus,74,http://dummyimage.com/243x240.png/ff4444/ffffff,true
1778,Anser caerulescens,curae,21,http://dummyimage.com/171x124.bmp/dddddd/000000,true
1779,Axis axis,sed justo pellentesque,98,http://dummyimage.com/118x135.png/ff4444/ffffff,false
1780,Sarcorhamphus papa,duis,73,http://dummyimage.com/143x201.bmp/dddddd/000000,true
1781,Ara macao,sit amet turpis elementum ligula,88,http://dummyimage.com/246x220.png/ff4444/ffffff,false
1782,Manouria emys,ligula nec,78,http://dummyimage.com/214x162.bmp/5fa2dd/ffffff,false
1783,Ramphastos tucanus,amet nunc viverra,37,http://dummyimage.com/230x121.bmp/dddddd/000000,false
1784,Redunca redunca,ultrices mattis,52,http://dummyimage.com/227x224.bmp/cc0000/ffffff,false
1785,Phasianus colchicus,dui luctus rutrum nulla tellus,87,http://dummyimage.com/155x249.bmp/5fa2dd/ffffff,false
1786,Theropithecus gelada,amet nunc viverra dapibus,99,http://dummyimage.com/159x229.jpg/ff4444/ffffff,false
1787,Aonyx cinerea,viverra diam vitae quam,54,http://dummyimage.com/156x112.jpg/cc0000/ffffff,true
1788,Phascogale tapoatafa,nunc nisl duis bibendum felis,64,http://dummyimage.com/151x106.jpg/ff4444/ffffff,true
1789,Canis aureus,erat,85,http://dummyimage.com/131x135.bmp/dddddd/000000,false
1790,Ninox superciliaris,enim lorem ipsum,3,http://dummyimage.com/162x113.png/5fa2dd/ffffff,false
1791,Phylurus milli,metus,95,http://dummyimage.com/178x200.png/5fa2dd/ffffff,false
1792,Cynomys ludovicianus,vel lectus in quam fringilla,12,http://dummyimage.com/182x134.bmp/cc0000/ffffff,true
1793,Anitibyx armatus,elit,7,http://dummyimage.com/237x215.png/dddddd/000000,false
1794,Ovis dalli stonei,commodo,85,http://dummyimage.com/190x140.jpg/cc0000/ffffff,true
1795,Geochelone elegans,maecenas rhoncus aliquam,30,http://dummyimage.com/180x150.png/5fa2dd/ffffff,true
1796,Varanus salvator,vestibulum vestibulum ante ipsum primis,18,http://dummyimage.com/108x175.jpg/cc0000/ffffff,false
1797,unavailable,in tempor turpis nec euismod,12,http://dummyimage.com/155x123.jpg/ff4444/ffffff,true
1798,Oxybelis fulgidus,id sapien in,30,http://dummyimage.com/159x120.png/ff4444/ffffff,false
1799,Columba palumbus,tincidunt ante vel ipsum,34,http://dummyimage.com/122x146.bmp/dddddd/000000,true
1800,Lamprotornis nitens,amet lobortis,81,http://dummyimage.com/210x248.jpg/ff4444/ffffff,true
1801,Corvus albus,magnis dis parturient montes,41,http://dummyimage.com/113x215.jpg/ff4444/ffffff,false
1802,Mellivora capensis,ligula nec sem,15,http://dummyimage.com/177x121.jpg/ff4444/ffffff,true
1803,Actophilornis africanus,dolor sit amet consectetuer,23,http://dummyimage.com/221x135.jpg/ff4444/ffffff,false
1804,Redunca redunca,ligula pellentesque ultrices,68,http://dummyimage.com/148x102.bmp/dddddd/000000,true
1805,Ara ararauna,imperdiet sapien urna pretium nisl,45,http://dummyimage.com/144x119.bmp/cc0000/ffffff,true
1806,Stenella coeruleoalba,non sodales,40,http://dummyimage.com/209x229.png/dddddd/000000,true
1807,unavailable,quam a,57,http://dummyimage.com/179x177.bmp/dddddd/000000,false
1808,Alopex lagopus,donec ut,61,http://dummyimage.com/229x246.png/5fa2dd/ffffff,false
1809,Microcebus murinus,dis parturient montes,18,http://dummyimage.com/154x186.bmp/dddddd/000000,false
1810,Cracticus nigroagularis,sit amet consectetuer adipiscing,54,http://dummyimage.com/186x125.bmp/5fa2dd/ffffff,false
1811,Uraeginthus angolensis,nam nulla integer pede,56,http://dummyimage.com/113x226.jpg/cc0000/ffffff,false
1812,Smithopsis crassicaudata,leo pellentesque ultrices,96,http://dummyimage.com/244x177.bmp/ff4444/ffffff,true
1813,Alcelaphus buselaphus caama,blandit mi in porttitor,18,http://dummyimage.com/124x216.bmp/5fa2dd/ffffff,true
1814,Choloepus hoffmani,amet eleifend pede libero,94,http://dummyimage.com/139x111.bmp/ff4444/ffffff,true
1815,Microcebus murinus,duis ac nibh fusce lacus,65,http://dummyimage.com/242x163.png/5fa2dd/ffffff,true
1816,Hystrix cristata,eget orci vehicula condimentum curabitur,46,http://dummyimage.com/225x249.jpg/cc0000/ffffff,false
1817,Charadrius tricollaris,orci vehicula condimentum curabitur in,42,http://dummyimage.com/148x133.png/cc0000/ffffff,false
1818,Heloderma horridum,faucibus orci luctus et,69,http://dummyimage.com/239x241.bmp/5fa2dd/ffffff,false
1819,Perameles nasuta,tincidunt eu felis fusce posuere,23,http://dummyimage.com/215x216.png/ff4444/ffffff,false
1820,Odocoilenaus virginianus,odio,98,http://dummyimage.com/145x248.bmp/cc0000/ffffff,false
1821,Loxodonta africana,eu felis,8,http://dummyimage.com/130x232.png/dddddd/000000,true
1822,Plegadis falcinellus,nulla mollis molestie,16,http://dummyimage.com/232x129.bmp/5fa2dd/ffffff,false
1823,Bison bison,mauris vulputate elementum nullam varius,24,http://dummyimage.com/229x245.jpg/dddddd/000000,true
1824,Varanus sp.,eu,5,http://dummyimage.com/160x236.jpg/ff4444/ffffff,false
1825,Crocodylus niloticus,duis ac,43,http://dummyimage.com/140x207.jpg/dddddd/000000,false
1826,Bettongia penicillata,gravida sem praesent id,85,http://dummyimage.com/177x187.jpg/ff4444/ffffff,false
1827,Bucephala clangula,imperdiet,13,http://dummyimage.com/106x135.jpg/5fa2dd/ffffff,false
1828,Varanus komodensis,id mauris vulputate,45,http://dummyimage.com/126x135.bmp/cc0000/ffffff,true
1829,Litrocranius walleri,eu felis fusce posuere,2,http://dummyimage.com/230x202.jpg/dddddd/000000,true
1830,Alouatta seniculus,tincidunt in leo,9,http://dummyimage.com/159x227.png/5fa2dd/ffffff,false
1831,Climacteris melanura,aliquam quis turpis,24,http://dummyimage.com/111x188.png/5fa2dd/ffffff,true
1832,Hystrix cristata,interdum in,45,http://dummyimage.com/110x174.png/dddddd/000000,true
1833,Tadorna tadorna,donec,73,http://dummyimage.com/105x174.jpg/5fa2dd/ffffff,true
1834,Centrocercus urophasianus,sem,80,http://dummyimage.com/191x145.png/cc0000/ffffff,false
1835,Bugeranus caruncalatus,lorem integer tincidunt,64,http://dummyimage.com/169x171.bmp/cc0000/ffffff,false
1836,Amazona sp.,vehicula consequat morbi a ipsum,80,http://dummyimage.com/102x238.bmp/dddddd/000000,false
1837,Meleagris gallopavo,diam,63,http://dummyimage.com/201x234.jpg/dddddd/000000,false
1838,Pseudoleistes virescens,ligula vehicula consequat morbi a,2,http://dummyimage.com/167x128.jpg/5fa2dd/ffffff,false
1839,Cordylus giganteus,fringilla rhoncus,41,http://dummyimage.com/126x180.bmp/5fa2dd/ffffff,true
1840,Spermophilus armatus,quisque porta,38,http://dummyimage.com/102x157.bmp/cc0000/ffffff,true
1841,Nucifraga columbiana,ipsum ac,48,http://dummyimage.com/232x207.png/5fa2dd/ffffff,true
1842,Myotis lucifugus,dictumst maecenas,22,http://dummyimage.com/106x185.png/5fa2dd/ffffff,false
1843,Nasua narica,ac nulla,91,http://dummyimage.com/211x168.jpg/dddddd/000000,true
1844,Herpestes javanicus,mus vivamus vestibulum,37,http://dummyimage.com/140x221.jpg/5fa2dd/ffffff,false
1845,Globicephala melas,eget massa tempor convallis,30,http://dummyimage.com/212x160.png/ff4444/ffffff,false
1846,Estrilda erythronotos,tincidunt ante,51,http://dummyimage.com/166x117.bmp/cc0000/ffffff,true
1847,Phalacrocorax varius,auctor sed tristique in tempus,95,http://dummyimage.com/179x159.bmp/5fa2dd/ffffff,true
1848,Canis lupus baileyi,donec dapibus,95,http://dummyimage.com/195x196.jpg/5fa2dd/ffffff,true
1849,Gyps bengalensis,duis at velit eu,93,http://dummyimage.com/107x205.jpg/ff4444/ffffff,true
1850,Paradoxurus hermaphroditus,at nunc commodo,43,http://dummyimage.com/174x237.jpg/ff4444/ffffff,false
1851,Aquila chrysaetos,rhoncus mauris enim leo,94,http://dummyimage.com/158x161.bmp/ff4444/ffffff,false
1852,Macaca fuscata,nibh fusce lacus purus,5,http://dummyimage.com/195x213.png/cc0000/ffffff,true
1853,Salvadora hexalepis,arcu adipiscing,16,http://dummyimage.com/172x234.jpg/5fa2dd/ffffff,false
1854,Boa caninus,felis sed interdum,7,http://dummyimage.com/236x115.bmp/dddddd/000000,false
1855,Ornithorhynchus anatinus,ornare,83,http://dummyimage.com/141x222.jpg/cc0000/ffffff,false
1856,Coluber constrictor,sociis natoque penatibus et,64,http://dummyimage.com/240x154.bmp/cc0000/ffffff,false
1857,Ceratotherium simum,consequat,33,http://dummyimage.com/116x135.png/cc0000/ffffff,false
1858,Aquila chrysaetos,curabitur in libero ut massa,37,http://dummyimage.com/136x200.jpg/ff4444/ffffff,false
1859,Semnopithecus entellus,rhoncus aliquam,30,http://dummyimage.com/190x231.png/ff4444/ffffff,true
1860,Trichechus inunguis,aliquam convallis,20,http://dummyimage.com/107x211.bmp/5fa2dd/ffffff,false
1861,Bassariscus astutus,vel dapibus at diam,60,http://dummyimage.com/171x214.png/dddddd/000000,false
1862,Milvus migrans,nulla pede,95,http://dummyimage.com/102x230.bmp/dddddd/000000,false
1863,Chloephaga melanoptera,risus dapibus augue,58,http://dummyimage.com/246x188.jpg/cc0000/ffffff,false
1864,Buteo regalis,dis,38,http://dummyimage.com/226x203.bmp/ff4444/ffffff,false
1865,Phylurus milli,eget nunc donec,42,http://dummyimage.com/141x162.jpg/ff4444/ffffff,true
1866,Podargus strigoides,magnis,78,http://dummyimage.com/134x104.jpg/5fa2dd/ffffff,false
1867,Eumetopias jubatus,tellus,28,http://dummyimage.com/172x242.png/dddddd/000000,true
1868,Colobus guerza,justo eu massa donec,68,http://dummyimage.com/142x190.bmp/ff4444/ffffff,true
1869,Merops nubicus,proin risus praesent lectus vestibulum,57,http://dummyimage.com/178x212.jpg/5fa2dd/ffffff,false
1870,Melursus ursinus,pellentesque at nulla,58,http://dummyimage.com/192x180.png/ff4444/ffffff,true
1871,Dendrohyrax brucel,neque duis bibendum morbi non,38,http://dummyimage.com/110x161.jpg/dddddd/000000,true
1872,Sceloporus magister,varius nulla facilisi,51,http://dummyimage.com/114x149.jpg/dddddd/000000,false
1873,Uraeginthus angolensis,id nisl venenatis,22,http://dummyimage.com/181x177.png/5fa2dd/ffffff,true
1874,Nyctereutes procyonoides,in imperdiet et commodo vulputate,30,http://dummyimage.com/145x151.png/5fa2dd/ffffff,true
1875,Carduelis pinus,odio,91,http://dummyimage.com/216x186.png/5fa2dd/ffffff,true
1876,Leptoptilus dubius,ante ipsum primis,89,http://dummyimage.com/160x191.jpg/ff4444/ffffff,false
1877,Nycticorax nycticorax,nulla ultrices,1,http://dummyimage.com/186x168.jpg/cc0000/ffffff,true
1878,Kobus leche robertsi,nulla integer pede justo,46,http://dummyimage.com/218x249.png/dddddd/000000,true
1879,Papio ursinus,varius integer ac,67,http://dummyimage.com/155x126.png/cc0000/ffffff,false
1880,Pseudocheirus peregrinus,pulvinar,17,http://dummyimage.com/170x169.jpg/5fa2dd/ffffff,false
1881,Platalea leucordia,amet erat,67,http://dummyimage.com/202x248.jpg/dddddd/000000,true
1882,Ictonyx striatus,urna,68,http://dummyimage.com/231x162.jpg/dddddd/000000,true
1883,Genetta genetta,parturient montes nascetur,57,http://dummyimage.com/183x139.png/5fa2dd/ffffff,true
1884,Nyctanassa violacea,massa tempor convallis,6,http://dummyimage.com/148x215.jpg/dddddd/000000,false
1885,Erethizon dorsatum,sapien iaculis,30,http://dummyimage.com/156x119.jpg/5fa2dd/ffffff,false
1886,Haematopus ater,id lobortis convallis,10,http://dummyimage.com/160x167.jpg/ff4444/ffffff,true
1887,Hyaena brunnea,tempor turpis,38,http://dummyimage.com/224x157.bmp/ff4444/ffffff,false
1888,Theropithecus gelada,morbi sem mauris,2,http://dummyimage.com/230x205.bmp/cc0000/ffffff,false
1889,Dicrostonyx groenlandicus,dui proin,31,http://dummyimage.com/134x153.bmp/ff4444/ffffff,true
1890,Phasianus colchicus,libero convallis eget,35,http://dummyimage.com/120x159.jpg/cc0000/ffffff,false
1891,Hippotragus niger,turpis sed ante,20,http://dummyimage.com/108x115.jpg/dddddd/000000,true
1892,Marmota caligata,imperdiet sapien urna,10,http://dummyimage.com/230x117.png/5fa2dd/ffffff,false
1893,Tiliqua scincoides,sollicitudin,82,http://dummyimage.com/129x148.png/ff4444/ffffff,false
1894,Phaethon aethereus,ultrices posuere cubilia curae,97,http://dummyimage.com/223x198.png/5fa2dd/ffffff,false
1895,Bucephala clangula,vel,64,http://dummyimage.com/138x146.jpg/dddddd/000000,true
1896,Coluber constrictor foxii,elementum,32,http://dummyimage.com/208x112.png/dddddd/000000,true
1897,Acrantophis madagascariensis,orci eget orci vehicula condimentum,6,http://dummyimage.com/227x164.png/cc0000/ffffff,true
1898,Ammospermophilus nelsoni,in eleifend quam a odio,60,http://dummyimage.com/107x111.bmp/ff4444/ffffff,true
1899,Columba livia,eu sapien cursus vestibulum proin,52,http://dummyimage.com/199x219.bmp/ff4444/ffffff,true
1900,Lophoaetus occipitalis,proin at,90,http://dummyimage.com/110x177.jpg/dddddd/000000,true
1901,Pelecans onocratalus,libero quis orci nullam,51,http://dummyimage.com/126x201.jpg/5fa2dd/ffffff,true
1902,Cervus elaphus,ultrices enim lorem ipsum,26,http://dummyimage.com/103x128.jpg/ff4444/ffffff,true
1903,Pseudocheirus peregrinus,sem duis,26,http://dummyimage.com/154x147.jpg/cc0000/ffffff,false
1904,Graspus graspus,nunc proin at turpis,27,http://dummyimage.com/180x233.png/dddddd/000000,false
1905,Odocoileus hemionus,montes,10,http://dummyimage.com/104x149.png/ff4444/ffffff,true
1906,Oxybelis fulgidus,in ante,62,http://dummyimage.com/248x205.png/5fa2dd/ffffff,false
1907,Hydrochoerus hydrochaeris,pretium iaculis justo,33,http://dummyimage.com/181x189.bmp/ff4444/ffffff,true
1908,Zenaida galapagoensis,fusce lacus purus,92,http://dummyimage.com/184x177.jpg/5fa2dd/ffffff,true
1909,Vulpes chama,in blandit,88,http://dummyimage.com/176x220.bmp/ff4444/ffffff,true
1910,Zenaida asiatica,aliquam convallis nunc proin at,57,http://dummyimage.com/104x231.bmp/ff4444/ffffff,false
1911,Porphyrio porphyrio,non quam nec dui,17,http://dummyimage.com/150x120.jpg/cc0000/ffffff,true
1912,Phacochoerus aethiopus,a nibh,29,http://dummyimage.com/155x168.jpg/5fa2dd/ffffff,false
1913,Gyps fulvus,quis lectus,91,http://dummyimage.com/191x120.png/dddddd/000000,false
1914,Fratercula corniculata,sit amet erat nulla tempus,53,http://dummyimage.com/230x159.png/ff4444/ffffff,true
1915,Centrocercus urophasianus,orci luctus et ultrices posuere,7,http://dummyimage.com/158x234.jpg/ff4444/ffffff,false
1916,Zenaida asiatica,morbi vestibulum,52,http://dummyimage.com/119x146.jpg/5fa2dd/ffffff,true
1917,Paroaria gularis,aenean sit amet justo morbi,81,http://dummyimage.com/118x223.bmp/cc0000/ffffff,true
1918,Castor canadensis,nulla,70,http://dummyimage.com/121x107.jpg/5fa2dd/ffffff,false
1919,Macropus fuliginosus,tincidunt eget tempus vel,23,http://dummyimage.com/136x153.png/cc0000/ffffff,true
1920,Cordylus giganteus,mi in porttitor pede justo,87,http://dummyimage.com/191x181.bmp/cc0000/ffffff,false
1921,Ara macao,dui maecenas,29,http://dummyimage.com/231x219.jpg/dddddd/000000,false
1922,Delphinus delphis,aenean,89,http://dummyimage.com/170x118.bmp/cc0000/ffffff,false
1923,Antilocapra americana,pellentesque ultrices phasellus id,46,http://dummyimage.com/130x246.jpg/cc0000/ffffff,true
1924,Eubalaena australis,varius integer ac leo pellentesque,31,http://dummyimage.com/108x119.jpg/5fa2dd/ffffff,false
1925,Chionis alba,cubilia curae donec,76,http://dummyimage.com/145x150.png/ff4444/ffffff,true
1926,Notechis semmiannulatus,luctus et ultrices posuere,14,http://dummyimage.com/198x234.png/cc0000/ffffff,false
1927,Dasyurus viverrinus,sapien sapien,4,http://dummyimage.com/143x248.bmp/cc0000/ffffff,true
1928,Tiliqua scincoides,odio porttitor id consequat,50,http://dummyimage.com/234x175.bmp/ff4444/ffffff,true
1929,Colobus guerza,accumsan felis ut,74,http://dummyimage.com/195x117.png/ff4444/ffffff,true
1930,Choriotis kori,faucibus orci luctus et ultrices,77,http://dummyimage.com/113x101.bmp/5fa2dd/ffffff,false
1931,Tayassu tajacu,tempus vel pede morbi porttitor,67,http://dummyimage.com/203x167.bmp/cc0000/ffffff,false
1932,Sitta canadensis,in faucibus orci luctus,43,http://dummyimage.com/221x233.bmp/dddddd/000000,false
1933,Plectopterus gambensis,venenatis turpis,70,http://dummyimage.com/149x244.jpg/5fa2dd/ffffff,true
1934,Sylvicapra grimma,leo pellentesque ultrices mattis odio,88,http://dummyimage.com/109x167.jpg/dddddd/000000,true
1935,Mazama americana,quis orci eget orci vehicula,80,http://dummyimage.com/248x238.bmp/ff4444/ffffff,true
1936,Dromaeus novaehollandiae,ultrices phasellus id,3,http://dummyimage.com/173x146.bmp/ff4444/ffffff,true
1937,Dasypus novemcinctus,in felis donec semper sapien,74,http://dummyimage.com/202x131.bmp/5fa2dd/ffffff,true
1938,Cochlearius cochlearius,orci,36,http://dummyimage.com/151x183.jpg/dddddd/000000,true
1939,Merops nubicus,convallis nunc,73,http://dummyimage.com/245x171.jpg/cc0000/ffffff,true
1940,Geospiza sp.,vel augue vestibulum rutrum,50,http://dummyimage.com/239x106.png/dddddd/000000,false
1941,Cathartes aura,ligula suspendisse ornare consequat lectus,49,http://dummyimage.com/118x111.jpg/5fa2dd/ffffff,true
1942,Alces alces,luctus et,52,http://dummyimage.com/118x232.png/ff4444/ffffff,true
1943,Sagittarius serpentarius,justo sit amet sapien,20,http://dummyimage.com/153x115.png/ff4444/ffffff,true
1944,Cyrtodactylus louisiadensis,nunc commodo,1,http://dummyimage.com/247x153.png/dddddd/000000,false
1945,Bubalus arnee,nulla nisl nunc,20,http://dummyimage.com/153x227.jpg/dddddd/000000,false
1946,Lutra canadensis,quam a odio in,8,http://dummyimage.com/111x240.jpg/cc0000/ffffff,true
1947,Sciurus niger,ut,74,http://dummyimage.com/122x102.jpg/5fa2dd/ffffff,true
1948,Macropus eugenii,vel augue vestibulum rutrum rutrum,75,http://dummyimage.com/158x184.jpg/ff4444/ffffff,false
1949,Chlidonias leucopterus,nisl nunc nisl,2,http://dummyimage.com/207x123.jpg/dddddd/000000,true
1950,Hyaena brunnea,elementum ligula vehicula consequat morbi,61,http://dummyimage.com/136x242.jpg/ff4444/ffffff,true
1951,Chlidonias leucopterus,purus,15,http://dummyimage.com/193x137.jpg/dddddd/000000,false
1952,Aonyx cinerea,interdum mauris non ligula pellentesque,5,http://dummyimage.com/136x236.bmp/ff4444/ffffff,true
1953,Corvus albicollis,elementum nullam varius nulla,23,http://dummyimage.com/246x200.bmp/dddddd/000000,true
1954,Zosterops pallidus,nulla ultrices aliquet maecenas leo,33,http://dummyimage.com/157x115.png/dddddd/000000,false
1955,Macropus agilis,venenatis lacinia aenean sit,22,http://dummyimage.com/185x222.bmp/dddddd/000000,false
1956,Bassariscus astutus,vitae nisi nam ultrices,42,http://dummyimage.com/159x191.png/cc0000/ffffff,true
1957,Mycteria ibis,vulputate ut ultrices vel augue,56,http://dummyimage.com/249x122.bmp/dddddd/000000,false
1958,Camelus dromedarius,pulvinar lobortis est phasellus,47,http://dummyimage.com/199x249.png/cc0000/ffffff,false
1959,Epicrates cenchria maurus,nec,32,http://dummyimage.com/165x167.png/5fa2dd/ffffff,false
1960,Myrmecobius fasciatus,mauris,36,http://dummyimage.com/238x180.png/5fa2dd/ffffff,false
1961,Ovis orientalis,tortor quis turpis sed,17,http://dummyimage.com/125x100.png/dddddd/000000,true
1962,Semnopithecus entellus,feugiat non pretium,97,http://dummyimage.com/201x165.jpg/ff4444/ffffff,false
1963,Thylogale stigmatica,arcu sed augue aliquam,29,http://dummyimage.com/247x156.bmp/ff4444/ffffff,true
1964,Eubalaena australis,quam nec dui,64,http://dummyimage.com/142x141.bmp/dddddd/000000,true
1965,Callorhinus ursinus,arcu sed augue aliquam erat,86,http://dummyimage.com/136x204.jpg/dddddd/000000,true
1966,Sarcorhamphus papa,est et,36,http://dummyimage.com/209x118.bmp/ff4444/ffffff,false
1967,Aegypius tracheliotus,orci mauris,70,http://dummyimage.com/178x131.bmp/ff4444/ffffff,false
1968,Tiliqua scincoides,suscipit nulla elit ac nulla,42,http://dummyimage.com/152x248.png/5fa2dd/ffffff,true
1969,Ovis dalli stonei,sit amet,23,http://dummyimage.com/159x175.png/5fa2dd/ffffff,false
1970,Canis dingo,duis mattis,95,http://dummyimage.com/220x156.bmp/dddddd/000000,false
1971,Macropus eugenii,sapien ut nunc vestibulum,90,http://dummyimage.com/129x142.jpg/5fa2dd/ffffff,true
1972,Trichosurus vulpecula,varius,99,http://dummyimage.com/105x201.jpg/cc0000/ffffff,true
1973,Macropus agilis,leo pellentesque ultrices mattis odio,84,http://dummyimage.com/216x181.bmp/ff4444/ffffff,true
1974,Terrapene carolina,primis in faucibus orci luctus,100,http://dummyimage.com/132x105.jpg/5fa2dd/ffffff,true
1975,Acridotheres tristis,luctus nec molestie sed justo,27,http://dummyimage.com/113x143.jpg/5fa2dd/ffffff,true
1976,Mazama gouazoubira,sociis natoque penatibus et,49,http://dummyimage.com/133x132.bmp/dddddd/000000,false
1977,Francolinus coqui,vestibulum,74,http://dummyimage.com/139x187.bmp/5fa2dd/ffffff,true
1978,Hydrochoerus hydrochaeris,orci mauris lacinia sapien,86,http://dummyimage.com/191x128.bmp/cc0000/ffffff,false
1979,Sylvilagus floridanus,tincidunt eget,7,http://dummyimage.com/126x101.bmp/dddddd/000000,true
1980,Limosa haemastica,vel nulla eget,76,http://dummyimage.com/231x189.png/ff4444/ffffff,true
1981,Oryx gazella callotis,sed sagittis nam congue risus,89,http://dummyimage.com/245x125.png/dddddd/000000,false
1982,Spilogale gracilis,a,81,http://dummyimage.com/139x125.jpg/5fa2dd/ffffff,true
1983,Antechinus flavipes,sapien in,52,http://dummyimage.com/230x102.jpg/5fa2dd/ffffff,true
1984,Vulpes vulpes,augue quam sollicitudin,96,http://dummyimage.com/142x146.png/cc0000/ffffff,true
1985,Tenrec ecaudatus,curabitur in libero ut massa,89,http://dummyimage.com/127x107.png/5fa2dd/ffffff,true
1986,Larus fuliginosus,congue risus,47,http://dummyimage.com/185x205.png/ff4444/ffffff,true
1987,Lycosa godeffroyi,nunc commodo placerat praesent blandit,77,http://dummyimage.com/203x112.bmp/cc0000/ffffff,false
1988,Meleagris gallopavo,enim,65,http://dummyimage.com/154x202.png/5fa2dd/ffffff,false
1989,Mellivora capensis,posuere felis sed,34,http://dummyimage.com/195x116.png/cc0000/ffffff,true
1990,Stercorarius longicausus,ligula vehicula consequat,38,http://dummyimage.com/222x135.png/cc0000/ffffff,true
1991,Corallus hortulanus cooki,venenatis,96,http://dummyimage.com/230x249.bmp/5fa2dd/ffffff,false
1992,Limosa haemastica,at,89,http://dummyimage.com/113x165.jpg/ff4444/ffffff,true
1993,Cyrtodactylus louisiadensis,pede venenatis non sodales,14,http://dummyimage.com/155x164.png/ff4444/ffffff,false
1994,Cercatetus concinnus,ut massa volutpat,29,http://dummyimage.com/201x161.png/dddddd/000000,false
1995,Coendou prehensilis,viverra dapibus nulla suscipit ligula,5,http://dummyimage.com/172x154.bmp/dddddd/000000,true
1996,Laniarius ferrugineus,rutrum at lorem integer,51,http://dummyimage.com/203x187.bmp/5fa2dd/ffffff,false
1997,Carphophis sp.,vel dapibus at diam,92,http://dummyimage.com/206x133.jpg/5fa2dd/ffffff,true
1998,Semnopithecus entellus,vestibulum,67,http://dummyimage.com/243x181.bmp/ff4444/ffffff,false
1999,Himantopus himantopus,morbi porttitor lorem,89,http://dummyimage.com/246x107.bmp/ff4444/ffffff,true
2000,Estrilda erythronotos,dictumst,41,http://dummyimage.com/143x239.png/cc0000/ffffff,true
