task_id,user_email,room_id,task_name,start_point,progress,end_point
1001,xeble0@freewebs.com,1018,ut,5,20,94
1002,mdella1@elpais.com,1001,mauris,4,58,13
1003,hcopcote2@ihg.com,1020,ligula vehicula,6,50,40
1004,ikirwan0@aol.com,1071,quis orci,6,89,12
1005,ikirwan0@aol.com,1003,fusce posuere,10,31,34
1006,ikirwan0@aol.com,1049,pellentesque viverra,7,12,83
1007,pmularkey6@elpais.com,1000,fermentum,0,33,31
1008,wemeline7@gov.uk,1081,in,10,52,23
1009,eburch8@friendfeed.com,1074,eget,8,31,90
1010,kphilipot9@chicagotribune.com,1018,in,5,64,78
1011,rgrooma@omniture.com,1045,nunc purus,11,4,75
1012,phymersb@blogger.com,1067,velit,0,97,14
1013,lsyselandc@vkontakte.ru,1030,curabitur,5,86,76
1014,wdelacosted@over-blog.com,1007,eleifend,1,65,85
1015,thaccletone@dmoz.org,1042,consequat,5,39,46
1016,kprobetsf@gov.uk,1046,aliquam,1,44,63
1017,meveg@sbwire.com,1000,convallis,9,13,95
1018,tosminth@zdnet.com,1001,quam,0,74,94
1019,nlaveri@ed.gov,1062,quis,1,90,92
1020,agaveyj@alexa.com,1024,nunc nisl,8,52,22
1021,egiovannettik@nih.gov,1037,sed lacus,9,69,96
1022,bmordecail@hatena.ne.jp,1022,in libero,7,43,20
1023,mcrehanm@mysql.com,1086,sagittis nam,0,52,88
1024,clinhamn@yandex.ru,1022,ipsum integer,0,45,100
1025,nlanhamo@hubpages.com,1016,id turpis,5,10,28
1026,rashp@ibm.com,1030,convallis,7,55,37
1027,crabbageq@reuters.com,1037,ipsum primis,11,87,23
1028,ewoodlandr@over-blog.com,1077,risus auctor,7,91,95
1029,gscapelhorns@redcross.org,1006,pellentesque ultrices,0,96,69
1030,mburfordt@jugem.jp,1067,eros suspendisse,4,88,90
1031,sdowneyu@acquirethisname.com,1028,volutpat dui,1,38,8
1032,bpflegerv@marketwatch.com,1013,vulputate,3,22,82
1033,prylesw@wikimedia.org,1083,dolor,8,19,12
1034,hbrigstockx@dion.ne.jp,1040,purus phasellus,1,80,88
1035,ccarbonelly@prlog.org,1067,ipsum praesent,0,25,98
1036,lchesnayz@opensource.org,1040,quam suspendisse,8,87,39
1037,rborsnall10@bloomberg.com,1073,praesent blandit,8,78,12
1038,hwaldie11@sourceforge.net,1032,eleifend,8,33,41
1039,bpeek12@youku.com,1001,lacus,4,10,97
1040,mteers13@stanford.edu,1067,ligula pellentesque,0,71,100
1041,ahannah14@cbslocal.com,1052,sapien sapien,4,95,16
1042,wbernaldo15@adobe.com,1069,odio,6,36,23
1043,mfishbourn16@phpbb.com,1026,amet,6,67,55
1044,mlindsey17@google.ca,1059,lectus,7,88,39
1045,agregor18@discovery.com,1071,consequat,7,31,34
1046,scavaney19@paginegialle.it,1034,curae,0,12,18
1047,ysprowell1a@google.co.uk,1074,vitae,2,85,54
1048,wghidoli1b@weebly.com,1012,in tempor,11,55,76
1049,ctemple1c@comcast.net,1048,odio in,8,10,86
1050,bgeake1d@wp.com,1029,donec,4,51,33
1051,blarkworthy1e@huffingtonpost.com,1046,cum,3,94,54
1052,erosenboim1f@jiathis.com,1015,rutrum neque,5,90,42
1053,kcumberledge1g@cnet.com,1015,vestibulum,0,64,93
1054,fgiurio1h@imdb.com,1056,eleifend,6,73,5
1055,eroberson1i@mapquest.com,1052,placerat praesent,0,3,98
1056,kkundert1j@odnoklassniki.ru,1018,libero quis,9,15,65
1057,dallom1k@usgs.gov,1081,magnis dis,9,48,9
1058,tdelias1l@ft.com,1020,rutrum nulla,0,40,89
1059,hharbinson1m@hao123.com,1003,vulputate nonummy,8,13,75
1060,lcroce1n@wikimedia.org,1025,in leo,10,49,47
1061,adorney1o@friendfeed.com,1069,felis donec,8,77,16
1062,salthrop1p@dmoz.org,1011,sit,7,67,56
1063,pgeram1q@blogger.com,1035,cras pellentesque,1,74,10
1064,whendrich1r@illinois.edu,1039,consequat ut,8,19,76
1065,bcaseri1s@ucsd.edu,1040,orci,10,78,36
1066,ibibey1t@businessweek.com,1086,maecenas,10,79,61
1067,tklimmek1u@phoca.cz,1011,dictumst morbi,0,89,60
1068,rcaddens1v@amazon.de,1029,accumsan felis,12,67,65
1069,yvoyce1w@hexun.com,1038,massa,0,21,89
1070,jkienle1x@amazon.co.jp,1075,orci,1,91,91
1071,gboothe1y@goo.gl,1031,aenean auctor,12,15,37
1072,fknutsen1z@dyndns.org,1057,purus sit,0,90,84
1073,eskentelbury20@timesonline.co.uk,1068,penatibus,1,21,100
1074,vmclewd21@diigo.com,1007,praesent blandit,5,59,54
1075,bsommerscales22@surveymonkey.com,1087,maecenas rhoncus,9,73,74
1076,csilly23@liveinternet.ru,1075,lectus suspendisse,2,35,63
1077,azanetello24@vinaora.com,1002,ultrices erat,1,94,6
1078,etreanor25@theatlantic.com,1037,integer,11,4,72
1079,llindhe26@google.es,1039,ridiculus mus,11,80,24
1080,sfurze27@webeden.co.uk,1076,nulla,7,75,95
1081,mwichard28@wired.com,1008,vestibulum ante,2,84,41
1082,ebucknall29@samsung.com,1029,amet diam,1,68,37
1083,kakitt2a@ebay.com,1046,nisi,9,41,57
1084,bmarciek2b@imdb.com,1036,orci pede,8,46,57
1085,kghio2c@springer.com,1071,faucibus,8,63,40
1086,lbleakley2d@tripod.com,1019,ante ipsum,6,46,48
1087,amogford2e@unicef.org,1022,vel,2,65,16
1088,syakovl2f@rakuten.co.jp,1052,rutrum nulla,9,93,32
1089,gaberkirder2g@hatena.ne.jp,1061,adipiscing,0,55,33
1090,carkow2h@auda.org.au,1020,nisl duis,0,54,33
1091,nmcgowran2i@phoca.cz,1073,eleifend,5,98,34
1092,sarnolds2j@github.io,1086,sapien,10,18,39
1093,amacavaddy2k@reuters.com,1065,hac,12,68,96
1094,cmaltster2l@blog.com,1063,fusce,0,73,30
1095,pmatthis2m@wikipedia.org,1075,luctus cum,7,66,17
1096,cwixey2n@tinypic.com,1022,viverra diam,10,12,60
1097,mextal2o@boston.com,1000,ligula nec,1,34,62
1098,rnealon2p@cocolog-nifty.com,1086,integer,1,5,85
1099,eboyn2q@epa.gov,1010,tortor,1,47,27
1100,rpimlett2r@geocities.jp,1058,sagittis nam,0,88,19
1101,smullinder2s@epa.gov,1048,sollicitudin ut,0,80,8
1102,anairne2t@1688.com,1028,congue,0,19,56
1103,lsorby2u@github.com,1050,sed,11,37,52
1104,wlockton2v@walmart.com,1057,morbi,10,59,31
1105,swenham2w@wikia.com,1087,aliquam quis,10,11,11
1106,bpainswick2x@psu.edu,1050,quam,11,70,42
1107,jpablos2y@desdev.cn,1072,turpis donec,3,30,4
1108,roxer2z@usgs.gov,1018,tristique,6,90,52
1109,sdenniss30@homestead.com,1045,duis bibendum,7,28,92
1110,alavarack31@wordpress.org,1054,cubilia curae,4,78,30
1111,mfike32@blogtalkradio.com,1015,vivamus,10,81,71
1112,fsimecek33@shareasale.com,1054,velit nec,8,70,54
1113,vdayly34@ted.com,1063,posuere cubilia,9,69,73
1114,csimkins35@oracle.com,1024,duis ac,8,65,81
1115,hclaypool36@mapquest.com,1057,enim,6,24,27
1116,ajulyan37@rambler.ru,1086,orci,11,40,47
1117,kburchell38@oracle.com,1044,lacinia,7,73,8
1118,dmosco39@umn.edu,1012,ridiculus mus,8,46,5
1119,lkettlestring3a@technorati.com,1055,donec,6,53,65
1120,badamini3b@bing.com,1087,est,5,91,71
1121,fgainfort3c@time.com,1014,odio condimentum,3,43,3
1122,sjefferys3d@usda.gov,1059,cras,8,40,64
1123,shradsky3e@skype.com,1041,eros suspendisse,3,40,32
1124,bbergen3f@google.co.uk,1065,amet consectetuer,11,78,54
1125,ilackey3g@tripod.com,1021,nisl venenatis,1,37,22
1126,creasun3h@dyndns.org,1090,enim blandit,7,92,99
1127,promayn3i@sohu.com,1001,sapien,1,43,50
1128,ebendtsen3j@google.pl,1076,rutrum,10,57,62
1129,gwilkisson3k@wikia.com,1016,ac,5,53,72
1130,lsaill3l@indiatimes.com,1075,metus,3,77,57
1131,ghitscher3m@goodreads.com,1029,non quam,0,74,83
1132,xcassius3n@paypal.com,1070,id,5,25,42
1133,smarvin3o@washington.edu,1011,at lorem,2,76,55
1134,hkneafsey3p@ask.com,1066,leo pellentesque,9,73,87
1135,kmaraga3q@wiley.com,1054,nam,3,55,75
1136,kbraznell3r@cnbc.com,1050,id massa,4,17,52
1137,mrosingdall3s@weather.com,1049,molestie,0,27,98
1138,bmcilveen3t@freewebs.com,1000,sapien,1,82,86
1139,ffernant3u@yahoo.com,1009,in,11,68,22
1140,graoux3v@vinaora.com,1002,non,10,67,72
1141,sbeesley3w@google.fr,1087,posuere cubilia,1,41,47
1142,ccrebbin3x@livejournal.com,1056,consectetuer adipiscing,3,37,99
1143,rfoden3y@domainmarket.com,1061,ipsum primis,8,16,78
1144,lgerardi3z@unicef.org,1086,ligula sit,4,48,100
1145,crey40@livejournal.com,1041,lacinia nisi,1,11,99
1146,sreboulet41@chicagotribune.com,1088,viverra,1,35,39
1147,soneil42@prweb.com,1005,porttitor,10,37,77
1148,laylwin43@cmu.edu,1011,tincidunt nulla,9,95,57
1149,disaksson44@senate.gov,1050,vulputate,11,70,60
1150,fmacgorman45@usatoday.com,1008,ac enim,10,78,44
1151,keccles46@mysql.com,1060,convallis tortor,6,72,2
1152,ctift47@technorati.com,1009,accumsan odio,8,81,61
1153,afellos48@eepurl.com,1014,nulla,3,7,61
1154,bpalmer49@linkedin.com,1041,ante ipsum,3,49,30
1155,cleadstone4a@creativecommons.org,1035,phasellus,9,47,27
1156,ntimmes4b@pagesperso-orange.fr,1057,magnis dis,6,69,11
1157,awalster4c@amazon.de,1003,bibendum,11,6,96
1158,eblondel4d@php.net,1012,ante ipsum,5,53,87
1159,afewings4e@dmoz.org,1077,phasellus,7,91,78
1160,airwin4f@wordpress.org,1027,elit,4,94,46
1161,gmithun4g@naver.com,1078,erat,3,67,97
1162,eizkoveski4h@thetimes.co.uk,1028,felis,10,59,23
1163,mkrauss4i@fema.gov,1011,luctus nec,11,88,67
1164,uolenchikov4j@paypal.com,1045,orci luctus,5,72,11
1165,kkiera4k@liveinternet.ru,1089,massa id,0,68,17
1166,dmott4l@i2i.jp,1031,in est,1,92,78
1167,tgilphillan4m@jalbum.net,1014,in,12,92,85
1168,apellett4n@google.nl,1073,orci,10,14,3
1169,cchazerand4o@google.nl,1046,ultrices,12,9,21
1170,jknobell4p@technorati.com,1007,in hac,8,62,32
1171,pjubb4q@bbb.org,1039,turpis,3,38,99
1172,cshetliff4r@alexa.com,1020,nam,2,33,41
1173,avolk4s@cdbaby.com,1078,pede,8,44,91
1174,wraywood4t@alexa.com,1003,tempor,4,61,2
1175,bfunnell4u@intel.com,1078,scelerisque mauris,7,65,50
1176,mdoidge4v@who.int,1017,massa,1,1,49
1177,jpietrasik4w@feedburner.com,1013,velit,7,67,42
1178,yrallin4x@uiuc.edu,1068,morbi non,1,35,79
1179,qbrittoner4y@storify.com,1081,eget,8,20,26
1180,icoorington4z@jiathis.com,1015,interdum in,1,69,16
1181,nrandleson50@netvibes.com,1083,proin at,9,88,40
1182,schapling51@mozilla.com,1017,nibh in,6,10,11
1183,sbartholomaus52@army.mil,1004,et ultrices,4,24,11
1184,edeakan53@1688.com,1046,sit,1,59,61
1185,gcuer54@linkedin.com,1014,vel nulla,5,42,75
1186,dkorbmaker55@google.ru,1010,mauris enim,9,26,51
1187,zpaulazzi56@hostgator.com,1074,quam pede,5,64,52
1188,mdirand57@dot.gov,1028,lorem,2,27,2
1189,mgemnett58@java.com,1062,proin,9,32,69
1190,gbedford59@geocities.com,1070,diam,6,88,88
1191,jbatie5a@imageshack.us,1056,cum,10,10,9
1192,zbryant5b@amazon.co.jp,1021,eros,12,3,90
1193,gbalsillie5c@cyberchimps.com,1035,at,2,2,9
1194,shughman5d@fastcompany.com,1009,aliquet massa,2,33,75
1195,jmarcone5e@pbs.org,1056,ut,5,40,74
1196,pbrunger5f@netlog.com,1043,libero,5,87,28
1197,tbutts5g@hc360.com,1069,volutpat dui,11,86,86
1198,ceaston5h@1688.com,1054,amet consectetuer,2,97,4
1199,tcheavin5i@com.com,1054,consectetuer eget,10,40,59
1200,wshemilt5j@over-blog.com,1071,vitae quam,12,86,31
1201,sclaesens5k@drupal.org,1018,sodales sed,12,89,45
1202,dcone5l@comcast.net,1007,elementum in,6,31,89
1203,cgreenshiels5m@cdbaby.com,1065,morbi,12,55,32
1204,gcrompton5n@miibeian.gov.cn,1058,metus,3,16,88
1205,ahackett5o@posterous.com,1014,et,12,75,90
1206,bmatijasevic5p@ox.ac.uk,1011,ut erat,3,56,77
1207,bphippard5q@usgs.gov,1011,ultrices posuere,1,13,90
1208,ggrzegorek5r@eepurl.com,1007,in,9,5,20
1209,nrix5s@addtoany.com,1069,quisque,10,20,16
1210,fdellabbate5t@nhs.uk,1016,pede,7,35,92
1211,tbond5u@hud.gov,1031,faucibus,6,24,78
1212,dstutter5v@yale.edu,1036,turpis,8,7,17
1213,pcaspell5w@biglobe.ne.jp,1003,sit,12,41,23
1214,wfrounks5x@360.cn,1030,ultrices,0,36,18
1215,bpietrowski5y@aol.com,1055,luctus et,9,71,20
1216,sstairs5z@1und1.de,1055,pellentesque,4,75,3
1217,bobee60@gov.uk,1022,et,10,85,29
1218,lsadler61@purevolume.com,1032,purus sit,8,42,99
1219,mlesurf62@dion.ne.jp,1019,in,11,62,92
1220,swhitwood63@sogou.com,1013,id,8,74,40
1221,ibucklan64@unesco.org,1072,nulla,3,90,41
1222,emellon65@elpais.com,1027,enim sit,12,66,40
1223,dwebling66@forbes.com,1064,sit amet,5,48,47
1224,lcastard67@nationalgeographic.com,1036,sapien cum,5,34,78
1225,cjozwik68@hexun.com,1012,accumsan,4,59,49
1226,mallgood69@naver.com,1015,ac,10,17,40
1227,aberthot6a@nature.com,1075,diam,1,11,78
1228,mwonham6b@prweb.com,1085,pede,12,17,49
1229,utarbet6c@mlb.com,1064,eu sapien,10,58,100
1230,sgringley6d@themeforest.net,1004,hac habitasse,9,56,30
1231,jkuhnert6e@howstuffworks.com,1076,ut,6,73,97
1232,zalleway6f@auda.org.au,1018,tortor,1,36,35
1233,asymms6g@aol.com,1001,luctus,8,91,58
1234,msimcox6h@statcounter.com,1081,quis,5,53,4
1235,mkupisz6i@sphinn.com,1033,fermentum donec,8,61,73
1236,mfretwell6j@illinois.edu,1043,aenean,1,37,98
1237,claurencot6k@alibaba.com,1060,tristique est,4,72,40
1238,ialbisser6l@biblegateway.com,1083,pede,5,94,60
1239,otrout6m@bbb.org,1076,lacinia,10,14,100
1240,acorss6n@google.it,1008,a,11,15,59
1241,fcromie6o@ucsd.edu,1022,fermentum justo,4,82,25
1242,jlassells6p@livejournal.com,1028,nec molestie,0,89,10
1243,cmurgatroyd6q@china.com.cn,1023,cubilia,8,6,25
1244,nschleicher6r@uiuc.edu,1082,amet,10,84,95
1245,lvasyaev6s@about.me,1034,in hac,10,77,53
1246,jkornilov6t@nature.com,1008,lacus,4,95,29
1247,tgoney6u@51.la,1075,gravida sem,11,100,11
1248,ckeyse6v@wunderground.com,1080,eget tempus,2,28,26
1249,rcrowhurst6w@homestead.com,1068,odio donec,8,60,37
1250,nrayner6x@bravesites.com,1040,sit amet,1,24,98
1251,fmeegin6y@youtube.com,1071,odio elementum,4,49,27
1252,blearmonth6z@ucsd.edu,1004,ligula,5,98,2
1253,spenkman70@washingtonpost.com,1070,pede morbi,0,26,92
1254,jobell71@multiply.com,1010,volutpat quam,3,13,3
1255,pcouser72@google.de,1075,ac nulla,3,16,83
1256,rsarra73@angelfire.com,1046,semper,8,54,55
1257,kclayden74@ehow.com,1077,at,5,31,99
1258,sjoslin75@psu.edu,1061,auctor,11,76,81
1259,tlaxon76@indiegogo.com,1004,lorem ipsum,7,32,42
1260,bshovlin77@360.cn,1042,aliquet ultrices,11,16,59
1261,lnapton78@ow.ly,1082,est phasellus,5,57,83
1262,mbarsby79@bloglines.com,1047,porta volutpat,5,1,12
1263,rreedy7a@drupal.org,1049,adipiscing elit,4,48,34
1264,btrenfield7b@latimes.com,1029,tincidunt,10,11,40
1265,hgold7c@vimeo.com,1029,in faucibus,4,76,33
1266,edarter7d@webmd.com,1084,porta volutpat,7,89,59
1267,gpikhno7e@booking.com,1075,ut,12,58,46
1268,ybines7f@sourceforge.net,1001,diam neque,7,21,81
1269,mdepero7g@epa.gov,1011,sem,4,76,19
1270,morans7h@va.gov,1013,in est,5,1,45
1271,akrause7i@mit.edu,1083,non,7,40,25
1272,cprattin7j@devhub.com,1063,dictumst morbi,2,30,26
1273,kclardge7k@exblog.jp,1079,cras,4,18,81
1274,blegat7l@dyndns.org,1018,luctus,3,55,32
1275,itwinterman7m@alexa.com,1073,sem,4,56,89
1276,agoldsby7n@barnesandnoble.com,1085,quisque porta,8,56,98
1277,jipwell7o@fc2.com,1050,morbi,7,56,15
1278,zbiaggioli7p@auda.org.au,1045,ridiculus mus,1,67,16
1279,cimpson7q@typepad.com,1072,sem,8,43,81
1280,mandrag7r@oakley.com,1022,eget,4,66,4
1281,relsby7s@livejournal.com,1045,augue,8,96,7
1282,vguntrip7t@biglobe.ne.jp,1051,morbi non,2,41,21
1283,hpeskett7u@wisc.edu,1004,mauris,11,37,47
1284,cchicco7v@telegraph.co.uk,1086,in,2,96,67
1285,hvoules7w@bbb.org,1082,amet consectetuer,6,42,91
1286,hberni7x@ebay.co.uk,1085,eleifend luctus,8,4,29
1287,mpynner7y@slashdot.org,1090,commodo placerat,6,36,62
1288,cmapstone7z@lycos.com,1088,platea,3,23,18
1289,fweavers80@prweb.com,1036,aliquam,9,23,97
1290,pyeandel81@unicef.org,1055,ac,9,80,33
1291,liliffe82@amazon.com,1010,justo,7,57,46
1292,atomet83@taobao.com,1053,pharetra,1,57,54
1293,awestfield84@cpanel.net,1002,rhoncus,10,63,70
1294,vfyfe85@flavors.me,1031,mattis,3,96,45
1295,agotecliffe86@hibu.com,1023,pulvinar sed,0,40,82
1296,flittledyke87@behance.net,1057,urna,3,40,54
1297,alabes88@fema.gov,1085,ut,8,65,9
1298,kmullett89@imgur.com,1064,id ligula,6,98,2
1299,wstanett8a@virginia.edu,1043,massa id,7,70,74
1300,dlugsdin8b@statcounter.com,1079,eu massa,6,67,100
1301,nblackesland8c@lulu.com,1053,suspendisse accumsan,9,83,43
1302,chulett8d@harvard.edu,1078,interdum eu,6,14,96
1303,spackman8e@narod.ru,1011,magnis dis,8,16,88
1304,acornewell8f@geocities.jp,1037,tellus,5,24,4
1305,pschoffler8g@wordpress.com,1029,nibh quisque,8,18,46
1306,smoan8h@cornell.edu,1051,orci vehicula,9,72,11
1307,dbraizier8i@un.org,1031,interdum in,7,34,42
1308,dkubis8j@networksolutions.com,1057,ipsum,5,1,88
1309,rfosh8k@census.gov,1035,magna ac,12,41,52
1310,jegan8l@themeforest.net,1030,purus,7,1,54
1311,btiuit8m@sitemeter.com,1007,hac habitasse,7,9,60
1312,basken8n@reuters.com,1026,duis bibendum,3,77,64
1313,kkick8o@aol.com,1069,risus,6,83,34
1314,cflancinbaum8p@printfriendly.com,1081,habitasse platea,8,74,60
1315,plamputt8q@ebay.com,1070,id,1,62,41
1316,bwondraschek8r@flickr.com,1068,sapien urna,2,17,3
1317,lauguste8s@smh.com.au,1012,diam,2,6,65
1318,aloseby8t@symantec.com,1045,interdum,1,100,84
1319,hlindelof8u@umich.edu,1013,natoque,2,30,85
1320,cbradie8v@spotify.com,1021,elit,10,61,48
1321,jbuterton8w@google.it,1017,donec posuere,7,7,70
1322,cwoodings8x@so-net.ne.jp,1025,blandit mi,9,20,73
1323,lretchless8y@altervista.org,1002,mi pede,1,92,49
1324,jpavlishchev8z@disqus.com,1084,rhoncus aliquam,10,90,23
1325,coleszczak90@tumblr.com,1058,tincidunt,9,93,26
1326,cwattinham91@bloglovin.com,1023,luctus tincidunt,6,97,7
1327,arayer92@nature.com,1063,in,2,81,82
1328,sneilus93@businessinsider.com,1023,amet cursus,4,28,89
1329,elade94@opera.com,1013,mus etiam,10,65,9
1330,aashingden95@ask.com,1075,tempor convallis,4,33,15
1331,aabramovici96@java.com,1041,curae,0,91,65
1332,dneeves97@ezinearticles.com,1086,suspendisse potenti,5,73,38
1333,svermer98@webeden.co.uk,1065,et,10,99,63
1334,gjolin99@narod.ru,1073,bibendum morbi,6,64,32
1335,riohananof9a@istockphoto.com,1077,purus eu,6,63,27
1336,jwhyberd9b@nature.com,1083,ultrices,3,16,51
1337,gfeakins9c@ucoz.ru,1075,in,5,39,59
1338,lsigne9d@1und1.de,1073,at nunc,2,58,85
1339,lhesser9e@shinystat.com,1056,cum sociis,9,62,54
1340,pbasham9f@yale.edu,1043,nam,11,37,42
1341,csapson9g@washington.edu,1014,vulputate luctus,12,58,35
1342,nmaccurtain9h@shop-pro.jp,1079,sit,1,99,26
1343,ifleis9i@europa.eu,1051,augue quam,1,48,6
1344,hpyrton9j@gravatar.com,1077,nibh,0,82,29
1345,cvonnassau9k@sourceforge.net,1048,eget eros,1,75,78
1346,dbools9l@google.com.au,1014,aliquet,1,5,87
1347,ejumel9m@washington.edu,1063,non,6,29,85
1348,mscedall9n@rambler.ru,1065,tincidunt,3,80,11
1349,credsall9o@google.co.uk,1019,adipiscing,3,4,87
1350,ahubbis9p@scribd.com,1055,odio curabitur,0,38,86
1351,dgraham9q@pen.io,1075,diam,9,38,40
1352,rmoncarr9r@t.co,1006,leo,1,70,50
1353,atinner9s@businessweek.com,1045,praesent blandit,5,34,71
1354,meginton9t@miitbeian.gov.cn,1010,consequat,2,48,32
1355,mmattacks9u@icq.com,1014,nisi,3,49,96
1356,yhatliff9v@adobe.com,1021,ante,4,22,91
1357,rgremain9w@zimbio.com,1029,ac,3,15,7
1358,ejouannisson9x@last.fm,1042,elementum,4,3,31
1359,svolet9y@so-net.ne.jp,1043,fusce lacus,0,26,30
1360,cnelligan9z@dmoz.org,1010,mauris,10,20,40
1361,flabusquierea0@dyndns.org,1089,integer,8,100,71
1362,molforda1@amazonaws.com,1049,dui,2,24,61
1363,hkeysona2@ftc.gov,1007,scelerisque,10,81,49
1364,baupola3@goo.gl,1070,fusce,3,17,35
1365,dchoakea4@google.nl,1013,molestie,1,49,69
1366,iruttya5@seattletimes.com,1052,duis,2,28,79
1367,spensona6@ehow.com,1029,neque aenean,8,2,72
1368,akeslakea7@google.com.hk,1003,tristique,1,62,29
1369,dhalsalla8@wufoo.com,1001,sagittis sapien,8,12,1
1370,kmccunna9@globo.com,1085,morbi,3,1,58
1371,cpattersonaa@wp.com,1053,orci mauris,2,68,72
1372,fwoottonab@cargocollective.com,1078,tempus,11,74,73
1373,yfratczakac@blogs.com,1083,sed tristique,9,15,96
1374,hfancettad@psu.edu,1052,posuere,10,32,7
1375,ccleynmanae@businessweek.com,1066,sed,2,76,88
1376,zfayeaf@tumblr.com,1028,justo,2,81,58
1377,pcongreveag@illinois.edu,1074,in hac,12,67,64
1378,mabaziah@liveinternet.ru,1013,quisque,9,67,96
1379,igrierai@scribd.com,1086,nisi,4,43,5
1380,fscawtonaj@mapy.cz,1048,vivamus vestibulum,5,83,51
1381,llilywhiteak@themeforest.net,1035,integer a,1,71,82
1382,ovanderhovenal@foxnews.com,1051,enim leo,6,62,63
1383,cdobleam@unblog.fr,1001,suspendisse ornare,2,48,4
1384,tdaulbyan@spotify.com,1056,aliquet ultrices,7,10,81
1385,rfordeao@ycombinator.com,1090,nulla,11,5,59
1386,kvaneap@comcast.net,1009,justo,0,18,29
1387,kfareyaq@rambler.ru,1057,ridiculus mus,2,52,41
1388,pvlasenkoar@buzzfeed.com,1053,donec,0,98,11
1389,hmullinas@time.com,1011,eu,7,14,27
1390,ihaversat@gravatar.com,1074,a,7,100,18
1391,losmintau@jugem.jp,1084,hac,2,54,84
1392,tcolhounav@nps.gov,1029,diam,4,3,48
1393,fchittendenaw@parallels.com,1007,odio,9,52,40
1394,blamperdax@thetimes.co.uk,1089,dolor sit,9,25,21
1395,garrolay@nymag.com,1004,augue,10,46,5
1396,rkestleaz@dot.gov,1029,cubilia,11,72,11
1397,kgabottib0@forbes.com,1007,nam,6,25,65
1398,aabrahamowitczb1@mysql.com,1040,quam pede,2,85,12
1399,sbashfordb2@phpbb.com,1072,ac,2,39,18
1400,eludyeb3@hc360.com,1048,vestibulum sit,4,26,34
1401,willwellb4@t.co,1071,etiam faucibus,2,15,53
1402,gpettiforb5@ft.com,1015,est,9,82,52
1403,shuddart3h@aol.com,1005,ligula,10,2,47
1404,ktobyb7@bluehost.com,1043,leo odio,3,4,65
1405,npartridgeb8@vimeo.com,1072,elementum,4,64,99
1406,josgoodb9@imgur.com,1027,dictumst morbi,4,34,95
1407,ebandtba@github.io,1055,donec quis,1,79,65
1408,dmilnebb@loc.gov,1064,ante,9,91,31
1409,hsarfasbc@weather.com,1020,aliquam,8,85,26
1410,amoybd@economist.com,1076,quis,1,5,9
1411,evowellsbe@devhub.com,1060,aenean auctor,7,9,63
1412,sboytonbf@wisc.edu,1089,magnis dis,4,96,85
1413,rduplanbg@digg.com,1069,erat,5,65,55
1414,tdibdallbh@hibu.com,1004,aliquet pulvinar,2,70,9
1415,tdowthwaitebi@edublogs.org,1029,in,1,84,72
1416,aiacobinibj@ftc.gov,1028,elit,0,55,56
1417,hparissbk@mapquest.com,1019,nec molestie,7,64,67
1418,jpattlelbl@dell.com,1090,tristique tortor,7,12,23
1419,rdorseybm@squidoo.com,1044,eget,8,14,67
1420,gtitfordbn@ucoz.ru,1046,pellentesque viverra,6,93,81
1421,hburragebo@wufoo.com,1043,aenean,10,38,100
1422,jrosenbp@earthlink.net,1027,diam,0,17,4
1423,gpennringtonbq@huffingtonpost.com,1077,odio odio,11,63,90
1424,cpitrassobr@amazon.co.jp,1080,non,9,23,19
1425,cyarkerbs@addtoany.com,1017,ac,10,1,48
1426,spepperdbt@weibo.com,1036,lectus suspendisse,8,16,85
1427,mduligallbu@sun.com,1024,pretium,6,4,82
1428,dfeildenbv@oaic.gov.au,1013,rutrum,10,60,99
1429,astruanbw@moonfruit.com,1086,lectus,3,44,21
1430,schurmbx@hatena.ne.jp,1015,sapien,11,77,16
1431,wellickby@mysql.com,1018,leo,11,47,77
1432,ppiesingbz@cornell.edu,1061,velit nec,3,61,12
1433,gcastc0@github.com,1022,nisi,4,32,73
1434,jmattausc1@google.cn,1010,ut mauris,4,56,27
1435,amitchardc2@printfriendly.com,1061,consequat,0,31,71
1436,rvaggsc3@google.es,1009,imperdiet nullam,8,59,23
1437,rspencec4@china.com.cn,1075,vel,9,63,25
1438,tblankauc5@thetimes.co.uk,1066,phasellus sit,6,43,4
1439,kthwaitec6@wiley.com,1039,et ultrices,9,33,50
1440,zfranklinc7@google.cn,1045,odio consequat,12,75,19
1441,dgainc8@about.me,1017,augue,6,59,62
1442,dfawcusc9@is.gd,1042,amet,9,59,87
1443,gdelamarca@mapy.cz,1077,diam,0,61,80
1444,jrevencb@sitemeter.com,1054,nec sem,11,5,98
1445,mscarcecc@techcrunch.com,1007,mauris non,2,92,9
1446,mbartakcd@ovh.net,1078,donec posuere,1,43,6
1447,mbebisce@creativecommons.org,1028,in,4,11,3
1448,rgadiecf@goo.gl,1046,mauris morbi,5,82,22
1449,umacrowcg@bluehost.com,1010,nam nulla,4,97,66
1450,mtregianch@dailymotion.com,1012,tincidunt in,1,81,97
1451,bvedenyapinci@fastcompany.com,1083,semper sapien,10,13,91
1452,mwalthewcj@bluehost.com,1085,congue,2,100,49
1453,jreisinck@soundcloud.com,1064,primis in,3,12,34
1454,broxburghcl@newsvine.com,1062,nam,11,89,74
1455,eilchukcm@odnoklassniki.ru,1081,nunc vestibulum,6,86,76
1456,ljosilevichcn@unicef.org,1007,vitae ipsum,11,46,24
1457,smatousekco@vk.com,1085,ut,0,91,54
1458,onisetcp@github.io,1049,consequat,3,22,79
1459,dsibsoncq@tumblr.com,1045,aliquam lacus,12,100,5
1460,rstaintonskinncr@army.mil,1055,curabitur,9,90,35
1461,ksutorcs@howstuffworks.com,1033,nam,11,65,29
1462,mdammarellct@com.com,1028,curabitur,0,99,35
1463,gbredeecu@liveinternet.ru,1055,ultrices erat,2,36,75
1464,mcometticv@google.nl,1068,lobortis ligula,6,60,40
1465,sgarveycw@unblog.fr,1001,primis,2,15,39
1466,cbaldockcx@census.gov,1030,ut,4,73,85
1467,adelafoycy@home.pl,1049,duis,5,59,76
1468,dsimkocz@examiner.com,1013,nulla tellus,10,51,100
1469,obelshamd0@tuttocitta.it,1042,et tempus,11,20,5
1470,lliddicoatd1@nature.com,1083,odio,2,36,1
1471,awhymarkd2@parallels.com,1083,sodales scelerisque,6,50,85
1472,cgadaudd3@reddit.com,1032,eleifend,11,80,37
1473,darrowsmithd4@cbc.ca,1021,tristique est,12,14,37
1474,weadmeadsd5@scientificamerican.com,1048,donec pharetra,4,50,40
1475,merteltd6@nyu.edu,1018,turpis adipiscing,1,6,25
1476,mlukasd7@ucla.edu,1008,cras in,2,98,20
1477,rlabouned8@walmart.com,1012,in lacus,5,14,90
1478,bwhettletond9@chicagotribune.com,1076,lacus,7,21,84
1479,kfoulstoneda@theglobeandmail.com,1090,semper,11,61,81
1480,hrouselldb@phpbb.com,1078,feugiat,9,9,34
1481,msegravedc@nih.gov,1065,pede,8,64,37
1482,zburdikindd@sakura.ne.jp,1073,sit amet,4,67,87
1483,ikasbyede@symantec.com,1023,nonummy maecenas,9,74,68
1484,arugglesdf@rediff.com,1067,vivamus,0,5,10
1485,wimlendg@cnet.com,1017,lacus,2,49,32
1486,ebugsdh@themeforest.net,1024,at,3,54,10
1487,iwardedi@addthis.com,1028,faucibus cursus,5,76,60
1488,plorkingdj@prlog.org,1083,amet nunc,0,24,87
1489,dcostardk@simplemachines.org,1069,sed,5,28,6
1490,rarnaudl@naver.com,1013,odio porttitor,7,61,67
1491,jledgertondm@ezinearticles.com,1019,accumsan tellus,4,65,70
1492,sgrisleydn@wikia.com,1001,consectetuer,6,87,45
1493,wzimmermannsdo@cloudflare.com,1068,ut nulla,6,89,93
1494,svearncombedp@businessinsider.com,1043,aenean,1,35,64
1495,zcharkhamdq@gmpg.org,1023,consectetuer eget,4,44,58
1496,kpanimandr@wordpress.com,1079,quis,4,66,92
1497,rforceds@ftc.gov,1086,diam,11,3,78
1498,shuddart3h@aol.com,1003,nec sem,9,66,4
1499,hgirvandu@spotify.com,1075,ac,4,56,74
1500,rsergeauntdv@google.it,1080,elementum,1,29,48
1501,sgrimolbiedw@tiny.cc,1005,feugiat et,0,32,9
1502,debbuttdx@techcrunch.com,1053,aliquet maecenas,4,23,78
1503,dbrazerdy@furl.net,1066,id,1,56,7
1504,estaresdz@joomla.org,1082,vel dapibus,11,15,48
1505,aharrone0@china.com.cn,1032,tempor,9,71,61
1506,jstivene1@list-manage.com,1022,interdum mauris,10,44,99
1507,bgraveye2@alibaba.com,1063,eu sapien,11,33,35
1508,nduplaine3@technorati.com,1078,amet,3,29,80
1509,phairsnapee4@linkedin.com,1057,cursus urna,0,27,14
1510,paguirrezabalae5@nymag.com,1035,penatibus,1,50,68
1511,caimablee6@histats.com,1033,primis in,7,28,10
1512,cstockforde7@elpais.com,1050,non velit,10,73,69
1513,cmussene8@un.org,1069,amet lobortis,2,89,97
1514,mmeechane9@theatlantic.com,1018,erat,10,62,26
1515,tlarcombeea@altervista.org,1038,accumsan,3,99,81
1516,jgirkineb@cargocollective.com,1007,blandit nam,4,46,53
1517,egoodbyec@cbsnews.com,1034,lobortis,5,18,69
1518,sohoneed@blinklist.com,1031,viverra,7,27,57
1519,ajaffreyee@plala.or.jp,1060,habitasse platea,12,76,36
1520,pchristauffouref@scribd.com,1069,at nunc,2,24,54
1521,ytrueloveeg@latimes.com,1005,lectus,0,98,45
1522,bharcombeeh@1und1.de,1048,primis in,12,11,21
1523,lpinnockeei@fotki.com,1033,et,3,64,60
1524,rsheerej@angelfire.com,1001,quis,7,11,33
1525,jgilbankek@alexa.com,1023,libero,6,44,33
1526,lzarfatel@odnoklassniki.ru,1022,vivamus,0,83,25
1527,lhoffnerem@ocn.ne.jp,1012,mi,7,93,85
1528,jemptageen@npr.org,1044,consequat lectus,3,25,35
1529,bkarolyeo@oracle.com,1087,quam,5,83,2
1530,pmcilhattonep@reddit.com,1085,aliquet,7,33,11
1531,godunniomeq@cloudflare.com,1046,in,12,37,72
1532,nverlinger@pagesperso-orange.fr,1085,quis,1,10,38
1533,rfeaveryeares@examiner.com,1070,in,3,58,42
1534,fjearyet@is.gd,1053,nulla quisque,7,4,42
1535,sessoneu@ustream.tv,1016,lorem,9,55,45
1536,atickev@stumbleupon.com,1084,arcu libero,11,57,79
1537,bhowittew@a8.net,1014,luctus et,12,28,60
1538,nsprullex@nymag.com,1085,proin,10,55,60
1539,wduddyey@dailymotion.com,1043,phasellus,9,25,79
1540,mgregorattiez@unicef.org,1049,in hac,5,30,45
1541,svitallf0@mozilla.com,1001,lobortis,5,84,52
1542,sgatlinf1@flavors.me,1049,eu,5,91,97
1543,ncuredellf2@prlog.org,1007,mi,7,99,45
1544,aboaterf3@mysql.com,1059,velit,7,43,75
1545,smacquiref4@goo.ne.jp,1066,nibh,6,73,87
1546,awilseef5@oakley.com,1087,eros elementum,8,56,83
1547,sscurrellf6@ibm.com,1063,curae,6,57,45
1548,ckybirdf7@twitpic.com,1069,metus,11,60,62
1549,dcavetf8@oaic.gov.au,1027,phasellus id,0,93,88
1550,ytorbardf9@google.com.br,1003,nisl,8,54,85
1551,hfriefa@amazon.com,1090,nec euismod,9,54,17
1552,sheismanfb@ca.gov,1087,non,7,24,39
1553,bbebbfc@blogs.com,1029,nec dui,2,67,63
1554,lmacaughtriefd@storify.com,1053,quam suspendisse,6,51,48
1555,bthormannfe@npr.org,1040,vestibulum,1,73,96
1556,wkobeltff@dedecms.com,1038,vitae,0,81,80
1557,enorthenfg@ibm.com,1011,pede,9,18,95
1558,atesoefh@salon.com,1061,blandit lacinia,3,40,21
1559,fspyerfi@cloudflare.com,1085,laoreet ut,6,59,3
1560,olowingsfj@bloomberg.com,1063,enim in,8,25,8
1561,kmathesonfk@hud.gov,1026,semper,2,46,71
1562,vphipardshearsfl@ucsd.edu,1031,mauris enim,0,70,81
1563,bpeasefm@nifty.com,1022,eget semper,10,87,72
1564,fboijfn@dion.ne.jp,1058,platea dictumst,8,28,54
1565,epleyfo@jalbum.net,1028,rutrum,6,41,99
1566,clegricefp@aboutads.info,1056,magna vestibulum,8,3,43
1567,mnaisbitfq@blog.com,1061,suscipit,0,56,76
1568,atimminsfr@netscape.com,1066,varius,10,48,14
1569,sdavidovicifs@icio.us,1063,pellentesque,5,71,27
1570,lscudderft@myspace.com,1061,in eleifend,0,73,6
1571,hguenyfu@go.com,1056,tortor duis,11,78,91
1572,pmacaskillfv@histats.com,1049,consectetuer,2,78,2
1573,fspurrierfw@ow.ly,1024,pede,11,19,25
1574,ghugginfx@who.int,1077,vivamus,8,32,42
1575,dquintonfy@is.gd,1015,nec euismod,9,55,18
1576,kgasperofz@yellowpages.com,1063,elementum,9,34,87
1577,chillamg0@harvard.edu,1053,at,3,7,23
1578,bhattigang1@oaic.gov.au,1031,lorem id,4,59,53
1579,ehaslingg2@sun.com,1011,metus,2,21,66
1580,htrenearg3@columbia.edu,1007,nibh,0,76,16
1581,atarboxg4@tamu.edu,1063,hac,4,26,58
1582,mhilandg5@tiny.cc,1060,id,2,10,66
1583,rharmondg6@nyu.edu,1037,metus,5,8,97
1584,hstealfoxg7@psu.edu,1077,penatibus,10,67,93
1585,bsulterg8@w3.org,1012,pellentesque,2,48,61
1586,cscotchmorg9@techcrunch.com,1029,nunc,2,80,70
1587,brourkega@sphinn.com,1055,nulla sed,0,28,66
1588,pagronskigb@ted.com,1006,justo maecenas,8,31,2
1589,koosthoutdevreegc@shutterfly.com,1005,sem praesent,5,98,54
1590,rlindemanngd@phpbb.com,1010,platea,3,22,83
1591,gdecroixge@themeforest.net,1063,eleifend quam,10,48,2
1592,drojelgf@reference.com,1038,est,6,89,90
1593,fspiragg@google.com.br,1084,sapien placerat,1,75,22
1594,keasterlinggh@hexun.com,1026,ultrices,10,68,94
1595,veusdengi@pinterest.com,1010,blandit,5,54,50
1596,ltewgj@prweb.com,1016,accumsan,2,73,51
1597,vhallsworthgk@engadget.com,1028,eget rutrum,9,66,20
1598,cconniamgl@shareasale.com,1089,ipsum primis,4,79,38
1599,lfarnfieldgm@pagesperso-orange.fr,1037,phasellus sit,4,4,9
1600,ldjakovicgn@arstechnica.com,1051,risus,5,82,22
1601,doduggango@pbs.org,1006,augue a,4,32,22
1602,rdominecgp@pcworld.com,1045,felis,1,60,7
1603,wuttinggq@devhub.com,1064,lectus pellentesque,4,90,54
1604,miannuzzelligr@booking.com,1078,vel est,10,82,36
1605,gsutegs@wordpress.com,1024,vel,8,42,8
1606,rdeguerregt@acquirethisname.com,1005,vestibulum aliquet,1,76,91
1607,ldevongu@hubpages.com,1089,mauris,12,82,59
1608,gkellandgv@adobe.com,1042,curae,7,52,56
1609,cbenfieldgw@altervista.org,1070,id luctus,0,58,98
1610,rosmangx@alexa.com,1060,ut odio,2,83,73
1611,mpebworthgy@princeton.edu,1035,ante,2,30,71
1612,kkillikgz@themeforest.net,1087,non mauris,6,69,20
1613,dantoszczykh0@salon.com,1079,condimentum id,2,44,72
1614,ajenkinsonh1@hhs.gov,1040,ac,4,32,72
1615,awillattsh2@wordpress.com,1026,aenean auctor,1,49,83
1616,cspentonh3@nsw.gov.au,1024,venenatis,5,59,10
1617,tdilstonh4@sakura.ne.jp,1037,eu,12,57,35
1618,harnholdth5@exblog.jp,1009,consectetuer,0,53,52
1619,gbursnollh6@mapy.cz,1006,et magnis,11,70,45
1620,jwhawellh7@arizona.edu,1012,nullam,2,94,87
1621,czealyh8@amazon.com,1064,nulla ac,12,43,30
1622,warstallh9@nationalgeographic.com,1086,libero,6,92,29
1623,dbevarha@nasa.gov,1044,mollis,0,36,87
1624,dchaplinhb@opensource.org,1079,nulla,9,18,52
1625,bfeathershc@wp.com,1022,molestie hendrerit,1,82,62
1626,afruinhd@mediafire.com,1044,sed,10,34,17
1627,ijumeauhe@hud.gov,1067,nec,7,98,91
1628,lablewhitehf@scribd.com,1039,nulla,2,35,87
1629,lbottelstonehg@yelp.com,1062,ut,2,39,33
1630,tsheridanhh@tripadvisor.com,1077,turpis a,3,20,79
1631,gcapunhi@whitehouse.gov,1069,risus semper,2,65,86
1632,ewhithamhj@bandcamp.com,1056,quisque porta,1,2,59
1633,mklostermanhk@ihg.com,1043,magnis dis,12,95,71
1634,atowlehl@weebly.com,1053,neque libero,1,42,68
1635,mbushellhm@abc.net.au,1041,mattis egestas,6,42,22
1636,neaddyhn@biglobe.ne.jp,1087,sit,1,28,65
1637,mkorejsho@printfriendly.com,1044,dolor quis,12,79,41
1638,bsudworthhp@businessinsider.com,1059,dapibus nulla,8,71,77
1639,cellerbyhq@uiuc.edu,1050,ipsum,12,41,73
1640,delizabethhr@typepad.com,1085,sapien,2,62,98
1641,dwhittenburyhs@slate.com,1041,nulla,1,35,82
1642,jhuddlestonht@mlb.com,1049,volutpat,1,88,3
1643,gmewetthu@aol.com,1054,sed,7,18,26
1644,aattenbroughhv@multiply.com,1054,augue,10,47,82
1645,asantonhw@virginia.edu,1019,sit,9,51,52
1646,fsimshx@wikia.com,1019,mi nulla,5,1,87
1647,ojackmanhy@businessinsider.com,1071,in hac,6,16,87
1648,tbanthorpehz@infoseek.co.jp,1075,eu magna,7,12,97
1649,ethewlisi0@springer.com,1013,vestibulum,2,52,67
1650,bpawelsi1@seesaa.net,1018,eget,6,46,92
1651,fdemanuelei2@wiley.com,1060,tristique,11,14,87
1652,cbettisoni3@irs.gov,1071,dapibus duis,1,12,73
1653,lwyei4@spiegel.de,1010,ultrices,7,66,10
1654,swilseyi5@fotki.com,1043,in felis,5,7,64
1655,mpurcelli6@diigo.com,1060,blandit mi,8,52,31
1656,wgalloni7@deviantart.com,1052,sagittis,9,58,20
1657,gmaccroaryi8@amazon.com,1028,velit donec,2,100,73
1658,sfulli9@disqus.com,1056,neque,6,94,50
1659,hfostenia@state.tx.us,1057,feugiat,4,98,28
1660,nbordessaib@free.fr,1083,ultrices,9,76,18
1661,qflandersic@cargocollective.com,1041,at,12,85,1
1662,mvaadelandid@rambler.ru,1076,fermentum donec,8,94,23
1663,ggriffithie@networksolutions.com,1056,augue quam,3,31,57
1664,hmccartif@wikia.com,1007,posuere,6,29,12
1665,rsnellingig@businessweek.com,1087,potenti nullam,4,13,42
1666,sdowntonih@theatlantic.com,1028,suscipit ligula,9,18,1
1667,rgenningsii@trellian.com,1087,quisque,12,98,62
1668,bterryij@google.es,1089,mi,6,14,7
1669,rfaulksik@icq.com,1086,ut,2,75,51
1670,rkastelil@upenn.edu,1085,sed,12,12,57
1671,stunnyim@ft.com,1041,sed ante,12,39,8
1672,kgabbotin@nhs.uk,1036,justo,7,16,50
1673,jduigedio@github.io,1007,platea dictumst,1,55,33
1674,cmullingerip@ft.com,1044,morbi non,7,8,54
1675,slambrichtiq@businessweek.com,1009,purus,8,56,70
1676,fgrammerir@usgs.gov,1015,duis ac,5,65,53
1677,gtampenis@pcworld.com,1077,nec condimentum,11,87,31
1678,fschimannit@bizjournals.com,1067,sit amet,10,35,77
1679,dhouldeyiu@163.com,1069,ultrices libero,3,64,69
1680,thearfieldiv@google.it,1086,magna vulputate,6,2,71
1681,vogeaneyiw@is.gd,1006,leo,3,74,75
1682,mmcadamix@addthis.com,1071,integer ac,4,82,37
1683,kjankuiy@xing.com,1000,pharetra magna,2,25,81
1684,kabbsiz@godaddy.com,1014,sapien in,3,26,72
1685,gwenmanj0@woothemes.com,1067,libero,9,43,98
1686,egoodreidj1@woothemes.com,1037,justo,11,31,48
1687,scallj2@alexa.com,1011,maecenas,3,52,7
1688,pgladerj3@census.gov,1008,posuere cubilia,6,4,25
1689,cmaccarranej4@theguardian.com,1015,a,12,91,86
1690,telrickj5@bluehost.com,1031,vestibulum,9,21,95
1691,skirklandj6@deviantart.com,1053,tempus,9,27,25
1692,nsargej7@scientificamerican.com,1037,ipsum,0,66,55
1693,bhugninj8@wisc.edu,1033,lectus in,6,45,85
1694,adorrj9@businesswire.com,1089,felis,7,83,32
1695,hmeasuresja@usnews.com,1068,ut,1,90,92
1696,yhandlinjb@time.com,1015,metus,11,49,8
1697,ccordyjc@cnn.com,1033,luctus,9,78,65
1698,sheaphyjd@sun.com,1022,et,3,69,39
1699,rbellengerje@dropbox.com,1014,etiam faucibus,10,96,28
1700,tbraybrookjf@bloomberg.com,1033,in blandit,3,50,37
1701,adoylyjg@mapquest.com,1064,sed interdum,12,13,10
1702,cseamonsjh@unesco.org,1041,nonummy,3,49,10
1703,cdeguerreji@de.vu,1015,congue eget,10,96,59
1704,tkenelinjj@spotify.com,1074,luctus,12,71,85
1705,pcleifejk@mozilla.org,1049,mi,11,80,19
1706,ycullipjl@prweb.com,1050,nulla,5,79,29
1707,bdurramjm@about.com,1002,non,3,2,50
1708,ecopcottjn@psu.edu,1071,at,12,18,92
1709,ppheasantjo@eepurl.com,1008,tristique,5,93,46
1710,jratchfordjp@mediafire.com,1058,diam,1,63,50
1711,ahyndjq@hexun.com,1050,cras mi,3,56,9
1712,cdeferrarisjr@w3.org,1022,in,0,7,58
1713,sheinickejs@meetup.com,1049,luctus,1,100,88
1714,kmcraejt@hubpages.com,1081,tempor,11,8,42
1715,tsommerledju@dedecms.com,1038,rutrum,11,99,66
1716,tstockportjv@homestead.com,1015,adipiscing elit,6,76,62
1717,fdunfordjw@bluehost.com,1068,diam id,7,30,14
1718,gyssonjx@simplemachines.org,1013,mauris,5,13,45
1719,mrymilljy@nbcnews.com,1013,ligula,4,97,46
1720,cfeakjz@newyorker.com,1054,odio,11,25,71
1721,asinghk0@zimbio.com,1084,accumsan odio,2,9,92
1722,mhambeltonk1@networksolutions.com,1075,ridiculus,5,93,57
1723,kwherritk2@usa.gov,1024,venenatis non,11,46,88
1724,areasunk3@flavors.me,1040,pharetra magna,10,25,43
1725,ghandlingk4@hubpages.com,1026,elit proin,5,52,1
1726,tpetrulisk5@bravesites.com,1089,cubilia,5,72,89
1727,swilshirek6@icio.us,1080,et ultrices,11,47,38
1728,caskellk7@imgur.com,1038,adipiscing,5,81,90
1729,bbreartonk8@washingtonpost.com,1071,posuere felis,10,46,87
1730,jtremethackk9@posterous.com,1038,donec,5,52,30
1731,jyakubovka@php.net,1035,varius,9,52,19
1732,mfiltnesskb@businessinsider.com,1085,neque,7,25,67
1733,pseppeykc@slate.com,1032,rhoncus aliquet,0,35,48
1734,kolletkd@timesonline.co.uk,1029,morbi,12,39,88
1735,ahelixke@businessinsider.com,1086,vestibulum,5,14,81
1736,gbotlerkf@cdbaby.com,1055,nunc,8,27,2
1737,ibloykg@guardian.co.uk,1032,semper,7,64,70
1738,ebartolikh@opera.com,1064,consequat,7,69,40
1739,aplueski@google.cn,1041,duis bibendum,11,99,46
1740,afowleskj@twitpic.com,1049,ut suscipit,4,94,12
1741,earendskk@wordpress.org,1005,ornare imperdiet,2,71,47
1742,idooheykl@taobao.com,1008,sem duis,0,55,50
1743,sgrandissonkm@people.com.cn,1058,ridiculus,7,97,68
1744,ghayfieldkn@goodreads.com,1008,ut,8,21,21
1745,csalamonko@is.gd,1038,nunc,9,36,54
1746,lstrakerkp@china.com.cn,1031,est risus,8,16,92
1747,epottenkq@cbc.ca,1023,lectus in,0,88,68
1748,dgwatkinskr@topsy.com,1031,aenean,8,68,89
1749,lschoenrockks@ezinearticles.com,1071,non ligula,6,86,91
1750,cstarbuckkt@reddit.com,1051,tellus nisi,5,23,19
1751,chutchingesku@psu.edu,1005,natoque,9,10,36
1752,sbarlowkv@cloudflare.com,1043,odio,7,91,52
1753,tmacfadyenkw@usgs.gov,1067,accumsan,0,72,47
1754,abattlesonkx@google.co.uk,1016,ante,0,82,23
1755,clacerky@behance.net,1083,faucibus,1,87,33
1756,pdonalsonkz@yandex.ru,1018,sed,12,37,44
1757,jbackl0@ucsd.edu,1036,scelerisque quam,11,77,63
1758,dfirmanl1@cloudflare.com,1077,massa id,5,67,55
1759,scossonsl2@histats.com,1083,bibendum imperdiet,7,44,98
1760,ddericotl3@myspace.com,1002,rutrum,8,78,27
1761,kparselll4@feedburner.com,1064,lectus,3,14,42
1762,hgoulstonl5@adobe.com,1090,sed,2,4,74
1763,cglasbyl6@phpbb.com,1060,non ligula,8,88,35
1764,mjinkinsonl7@yandex.ru,1065,a,6,77,14
1765,truthvenl8@vk.com,1010,augue,10,6,38
1766,twestneyl9@istockphoto.com,1046,vivamus vel,2,23,23
1767,mwadmanla@histats.com,1036,ut,5,14,19
1768,jdunkertonlb@sakura.ne.jp,1032,leo pellentesque,8,40,19
1769,ptomkyslc@chicagotribune.com,1082,justo maecenas,11,89,52
1770,mzannild@freewebs.com,1001,faucibus,12,62,78
1771,asutheringtonle@craigslist.org,1062,eleifend,10,7,68
1772,mhurburtlf@yandex.ru,1044,velit,1,58,60
1773,kcamililg@drupal.org,1023,est,0,84,84
1774,mtruelocklh@mit.edu,1029,congue elementum,6,70,3
1775,fheinricili@discovery.com,1026,platea dictumst,12,58,39
1776,jarnfieldlj@nationalgeographic.com,1040,consectetuer eget,9,31,8
1777,icornicklk@prnewswire.com,1071,consequat in,11,8,20
1778,brodiell@lulu.com,1065,enim sit,11,77,54
1779,bbustlm@hubpages.com,1070,posuere,12,63,75
1780,fpovallln@creativecommons.org,1015,luctus,4,10,60
1781,ldevaslo@webs.com,1014,augue,3,31,35
1782,dgilchrestlp@answers.com,1013,in lectus,6,30,62
1783,skirklandlq@usatoday.com,1059,nonummy,6,99,75
1784,malveslr@phpbb.com,1063,integer,7,62,13
1785,dverrechials@fema.gov,1015,ut,10,8,28
1786,ageneverlt@addthis.com,1029,ut dolor,9,38,68
1787,lfishbielu@technorati.com,1000,turpis,3,48,70
1788,npirdylv@twitpic.com,1047,in imperdiet,8,57,28
1789,ryushankinlw@fc2.com,1017,quam suspendisse,0,79,1
1790,gwetherburnlx@google.ca,1008,ut mauris,4,14,59
1791,vlohanly@ask.com,1016,justo,4,70,12
1792,waustwicklz@ameblo.jp,1051,commodo,4,35,86
1793,lkapelhofm0@goo.gl,1083,in,4,67,34
1794,rbrosemanm1@nature.com,1088,suscipit,5,33,80
1795,jrileym2@google.co.jp,1014,varius nulla,7,37,48
1796,chousiauxm3@blog.com,1086,luctus rutrum,0,93,21
1797,mtuohym4@etsy.com,1082,enim blandit,0,98,7
1798,cbeazleym5@yellowbook.com,1068,cras non,11,40,17
1799,bstilgoem6@admin.ch,1047,nisi,4,2,26
1800,rolexam7@businesswire.com,1002,mus etiam,8,97,82
1801,aexterm8@bandcamp.com,1001,in,7,74,62
1802,llorandm9@pbs.org,1000,sollicitudin,1,59,36
1803,lbullema@soundcloud.com,1049,aenean,10,54,70
1804,acollissonmb@multiply.com,1011,urna ut,7,20,2
1805,bcolumbinemc@fastcompany.com,1087,nibh,2,3,70
1806,dkennallymd@issuu.com,1014,donec,11,78,94
1807,pmanthroppeme@unblog.fr,1046,justo maecenas,2,32,87
1808,bklemmtmf@cnn.com,1070,pretium iaculis,10,73,87
1809,asharpemg@nbcnews.com,1039,quisque,10,96,60
1810,eschruyersmh@creativecommons.org,1030,adipiscing lorem,7,89,56
1811,vpashbymi@devhub.com,1010,faucibus cursus,12,90,86
1812,zlawfulmj@linkedin.com,1055,proin,0,93,15
1813,dkellarmk@harvard.edu,1069,justo,4,18,19
1814,pkenchingtonml@zdnet.com,1059,magna bibendum,12,83,41
1815,vwebbornmm@sina.com.cn,1069,ac,4,32,97
1816,simmermn@sakura.ne.jp,1022,sapien,7,15,26
1817,kmacfarlanmo@moonfruit.com,1010,pretium nisl,3,71,5
1818,celsemp@canalblog.com,1020,vestibulum,12,84,92
1819,fodoohainemq@google.pl,1086,quam,11,88,16
1820,tsweetlandmr@wordpress.com,1039,velit,6,98,97
1821,ttitems@tumblr.com,1031,tellus,11,10,56
1822,tmellandmt@archive.org,1082,purus,3,22,67
1823,lmeredithmu@amazon.co.uk,1089,vulputate ut,8,48,53
1824,kminellimv@rakuten.co.jp,1048,a,10,92,41
1825,hmacguffiemw@bbb.org,1015,diam neque,1,77,72
1826,ndoucemx@goodreads.com,1075,elementum,1,63,10
1827,gelgoodmy@cdbaby.com,1086,eu,9,71,28
1828,brapportmz@marketwatch.com,1026,lacinia erat,2,26,19
1829,cgadsdonn0@youku.com,1079,sit,4,35,35
1830,rfulbrookn1@seesaa.net,1058,scelerisque quam,5,77,84
1831,rreneken2@bloglines.com,1016,sapien,2,21,49
1832,awahnern3@mtv.com,1072,in lectus,6,44,75
1833,lwisdishn4@live.com,1061,ultrices phasellus,12,85,48
1834,sportaln5@tinypic.com,1032,in,2,89,43
1835,flyddiardn6@51.la,1019,et,1,59,78
1836,ailbertn7@whitehouse.gov,1049,sed,12,35,83
1837,maugarn8@uol.com.br,1030,blandit,7,73,42
1838,cmatskivn9@un.org,1001,libero,7,83,35
1839,anewburyna@scientificamerican.com,1067,sit,0,36,98
1840,mkelleghernb@tinyurl.com,1049,at,6,42,80
1841,ceyreenc@skype.com,1064,lorem ipsum,12,35,56
1842,mberrisfordnd@skyrock.com,1006,luctus,9,82,13
1843,sthirlwellne@e-recht24.de,1027,orci pede,0,76,33
1844,jwrotchfordnf@google.com.br,1002,mauris ullamcorper,7,11,60
1845,swickershamng@cnbc.com,1025,laoreet,11,53,37
1846,tmandriernh@rakuten.co.jp,1064,odio,12,12,5
1847,camayani@eepurl.com,1044,aenean sit,0,61,98
1848,znoonannj@phpbb.com,1090,nisl venenatis,12,21,81
1849,pjeakinsnk@china.com.cn,1006,lacinia aenean,8,99,90
1850,hgibbynl@tmall.com,1018,eget rutrum,2,70,65
1851,kdeavesnm@wordpress.org,1073,facilisi,8,27,67
1852,imannionnn@free.fr,1073,augue quam,6,55,33
1853,ajowettno@vkontakte.ru,1006,odio,11,59,43
1854,ehannentnp@ftc.gov,1080,nulla dapibus,5,29,61
1855,zscadingnq@nba.com,1031,feugiat,12,50,14
1856,shadcocknr@oakley.com,1035,tellus nisi,6,46,95
1857,rgrisenthwaitens@google.it,1060,in,4,52,38
1858,aworthynt@vk.com,1050,in lectus,4,51,86
1859,cdebankenu@about.com,1080,sit amet,9,54,93
1860,lhoggannv@alibaba.com,1039,vestibulum,3,44,89
1861,alovingnw@pcworld.com,1082,non,3,17,98
1862,eswetmorenx@mayoclinic.com,1059,nunc vestibulum,0,86,22
1863,awormstoneny@fema.gov,1060,volutpat,8,80,55
1864,hbleasbynz@usda.gov,1027,vel est,1,55,54
1865,mfluteo0@hostgator.com,1066,est phasellus,9,55,24
1866,gkidneyo1@cisco.com,1085,donec posuere,10,12,96
1867,vfewtrello2@wordpress.com,1072,at,4,100,84
1868,kburrageo3@reference.com,1075,odio,1,14,89
1869,dmonaghano4@state.gov,1019,pellentesque,6,31,43
1870,dlaweso5@sakura.ne.jp,1064,in ante,5,40,63
1871,mfranzettoinio6@businesswire.com,1013,consequat,5,51,10
1872,rmenhcio7@cornell.edu,1012,molestie lorem,8,80,4
1873,hrusteo8@google.co.uk,1017,mauris lacinia,4,1,20
1874,cdeweyo9@dropbox.com,1076,ornare,7,34,47
1875,rllewellynoa@deviantart.com,1037,est risus,12,77,70
1876,ephilimoreob@columbia.edu,1074,tincidunt eu,1,25,29
1877,mdufaireoc@amazon.co.uk,1052,laoreet,12,26,14
1878,ajervoisod@usatoday.com,1079,luctus,11,36,70
1879,xughinioe@addtoany.com,1007,erat,9,31,43
1880,gnormanvillof@creativecommons.org,1059,sodales,7,17,47
1881,hoduilleainog@geocities.jp,1046,lectus pellentesque,6,48,73
1882,cpackingtonoh@guardian.co.uk,1016,nulla,4,67,55
1883,ehinkesoi@spotify.com,1067,nulla suspendisse,5,65,97
1884,mknealoj@go.com,1049,mauris,3,80,46
1885,acleworthok@skyrock.com,1025,viverra,7,38,1
1886,dlynockol@google.nl,1009,rutrum,3,40,67
1887,dtarttom@lycos.com,1018,leo,0,27,4
1888,oingilsonon@ow.ly,1059,ipsum,7,50,83
1889,rextanceoo@jugem.jp,1047,maecenas,8,60,57
1890,ssheardop@ihg.com,1006,arcu,11,58,62
1891,arabjohnoq@blogspot.com,1023,nisi volutpat,2,97,61
1892,athoulessor@ning.com,1011,sit,2,18,68
1893,vloadeos@nhs.uk,1033,ac nulla,4,29,5
1894,ustazikerot@lulu.com,1088,vestibulum rutrum,5,18,19
1895,brafflesou@salon.com,1064,odio cras,7,53,47
1896,bworsfieldov@cyberchimps.com,1019,hac habitasse,11,15,40
1897,cmaylorow@ehow.com,1083,nascetur,0,57,77
1898,ewilldenox@scientificamerican.com,1073,donec,8,25,73
1899,fciccooy@discuz.net,1073,ac,6,58,56
1900,vbassilashvilioz@businessinsider.com,1046,semper interdum,9,22,87
1901,dmcduallp0@cdbaby.com,1053,at,0,88,31
1902,pbangerp1@answers.com,1086,morbi quis,10,76,40
1903,anairnp2@wikimedia.org,1050,donec,7,15,18
1904,mallotp3@surveymonkey.com,1005,accumsan tortor,9,22,46
1905,rdoigp4@google.co.uk,1019,dis parturient,3,52,79
1906,bbrennenstuhlp5@xinhuanet.com,1012,cursus vestibulum,10,36,6
1907,shussetp6@yahoo.com,1073,tincidunt,2,97,77
1908,cwooffindenp7@irs.gov,1029,orci,12,13,83
1909,vlavarackp8@zdnet.com,1038,eget,3,60,44
1910,tfressonp9@yale.edu,1067,volutpat,1,15,56
1911,kperopa@tiny.cc,1081,erat curabitur,10,49,16
1912,qleworthypb@flavors.me,1063,eros viverra,0,22,30
1913,lciraldopc@sciencedaily.com,1063,semper rutrum,8,58,46
1914,ktowndrowpd@msu.edu,1065,nisi,8,88,21
1915,rcridlonpe@tripadvisor.com,1028,a,7,18,99
1916,jmapledoorepf@myspace.com,1038,quam,8,5,78
1917,dmorrisseypg@homestead.com,1070,tortor,9,87,71
1918,ooatenph@webmd.com,1022,dolor morbi,11,43,8
1919,mscholzpi@walmart.com,1002,quam pharetra,6,9,95
1920,tcamockepj@twitpic.com,1033,ac leo,4,58,19
1921,wwelhampk@pen.io,1061,dis parturient,12,21,1
1922,etolworthiepl@xinhuanet.com,1080,placerat praesent,4,30,79
1923,bstjohnpm@drupal.org,1012,odio,11,82,48
1924,asherarpn@dion.ne.jp,1073,elementum,4,41,56
1925,tbattamspo@sbwire.com,1024,penatibus,9,89,8
1926,wboutflourpp@ox.ac.uk,1025,semper interdum,1,3,39
1927,wcouronnepq@businesswire.com,1050,sed nisl,10,95,57
1928,jargabritepr@cnbc.com,1058,nulla,11,52,64
1929,yboalps@weibo.com,1057,donec posuere,8,24,95
1930,mjeakinspt@sitemeter.com,1061,morbi non,9,30,39
1931,atreskepu@example.com,1037,non pretium,1,28,92
1932,jkellandpv@plala.or.jp,1015,nisl,7,19,40
1933,gpapespw@npr.org,1085,in quam,8,86,12
1934,gmcbeathpx@weebly.com,1090,ipsum ac,6,6,14
1935,gantonescupy@mail.ru,1090,nunc,8,89,83
1936,dshearwoodpz@admin.ch,1054,magna bibendum,9,98,65
1937,akidneyq0@weebly.com,1047,mauris lacinia,1,86,6
1938,kaldersleyq1@wisc.edu,1037,ultricies eu,8,34,94
1939,ltregonaq2@aol.com,1004,ultrices,5,55,46
1940,epakesq3@jigsy.com,1020,fusce,2,100,42
1941,caseeq4@flickr.com,1044,id,10,81,47
1942,uingleyq5@soundcloud.com,1020,dolor,9,97,99
1943,osutterq6@biblegateway.com,1020,iaculis,1,7,44
1944,ghellensq7@wufoo.com,1069,dictumst,1,97,93
1945,dbyngq8@nymag.com,1039,elit sodales,11,86,51
1946,ccrosbyq9@cisco.com,1085,etiam,1,94,13
1947,hmccambroisqa@linkedin.com,1020,cubilia curae,6,75,35
1948,tboyackqb@mysql.com,1019,duis,7,98,71
1949,jpaddockqc@ycombinator.com,1088,mus,2,85,29
1950,jfullicksqd@fastcompany.com,1040,at nunc,1,83,72
1951,fgowingqe@miitbeian.gov.cn,1032,cras in,10,74,66
1952,xfrainqf@indiegogo.com,1060,maecenas,9,63,81
1953,mtumultyqg@cpanel.net,1084,dapibus duis,5,18,89
1954,lwigzellqh@seattletimes.com,1082,ac,9,19,47
1955,bspringtorpeqi@opera.com,1060,in,10,45,85
1956,kreisenbergqj@eepurl.com,1056,diam,3,21,73
1957,rpeakerqk@barnesandnoble.com,1002,nulla,2,90,47
1958,ofulopql@elpais.com,1073,pede ac,6,60,47
1959,clambieqm@tuttocitta.it,1038,nisi eu,8,81,89
1960,ltaborqn@g.co,1073,vestibulum,7,3,46
1961,nbownassqo@1688.com,1037,venenatis lacinia,7,4,89
1962,aleopardqp@xing.com,1030,sapien urna,3,18,20
1963,hrowselqq@wp.com,1026,tincidunt,4,95,30
1964,callabartonqr@phoca.cz,1056,lobortis ligula,10,79,7
1965,scaudleqs@zdnet.com,1042,integer,5,94,23
1966,ngooddingqt@hostgator.com,1074,pede justo,8,50,43
1967,bhardernqu@networkadvertising.org,1000,erat nulla,0,46,72
1968,ccooleyqv@live.com,1023,curae,7,88,15
1969,srigtsqw@ovh.net,1086,eros,11,56,24
1970,oivanyushinqx@aboutads.info,1068,pellentesque,5,64,69
1971,omounsieqy@linkedin.com,1023,morbi non,7,59,17
1972,mcastertonqz@illinois.edu,1017,augue vestibulum,3,37,33
1973,rlenschr0@yandex.ru,1023,cubilia,7,54,88
1974,vlonnonr1@ft.com,1036,nulla ultrices,12,34,26
1975,nhaileyr2@flavors.me,1087,velit vivamus,7,43,59
1976,gnemchinovr3@posterous.com,1060,at,7,38,53
1977,edagnallr4@webnode.com,1006,sit,12,3,89
1978,wbeatensr5@mozilla.com,1053,nisi vulputate,1,90,44
1979,mdanskenr6@cnet.com,1005,in,2,82,60
1980,rbrantlr7@ehow.com,1028,justo etiam,5,68,68
1981,dmccathyr8@delicious.com,1067,turpis integer,0,59,20
1982,weggersr9@live.com,1038,volutpat convallis,0,56,16
1983,arobberechtra@wunderground.com,1036,ipsum,11,85,30
1984,lpatnellirb@samsung.com,1022,vulputate luctus,10,56,35
1985,ctweddellrc@msn.com,1064,molestie sed,3,73,100
1986,efishpoolrd@redcross.org,1034,rhoncus aliquet,11,31,51
1987,bwaddoupsre@cmu.edu,1011,phasellus,8,1,86
1988,vhellierrf@cnet.com,1040,vitae,2,28,82
1989,foxenburyrg@microsoft.com,1069,nam,0,84,45
1990,dkopecrh@facebook.com,1048,mattis pulvinar,11,7,62
1991,fmcvanamyri@yandex.ru,1021,mi pede,6,88,24
1992,rlawlanrj@mtv.com,1060,amet sem,0,54,68
1993,nlanderrk@cmu.edu,1073,fermentum donec,12,19,81
1994,kbrozssetrl@dropbox.com,1043,lorem,8,34,5
1995,blagesrm@theguardian.com,1019,lectus vestibulum,0,10,27
1996,ccoggenrn@github.com,1035,at,12,50,73
1997,lklosterro@techcrunch.com,1074,imperdiet,7,50,7
1998,mviggarsrp@naver.com,1007,etiam vel,9,82,45
1999,lbraistedrq@slate.com,1016,sit amet,12,14,14
2000,dtompkissrr@aol.com,1086,rutrum nulla,6,43,15
